1,19,87.07,2016-01-01
2,38,336.26,2016-01-01
3,42,280.89,2016-01-01
4,74,193.83,2016-01-01
5,79,106.19,2016-01-01
6,106,427.67,2016-01-01
7,44,456.26,2016-01-04
8,69,149.32,2016-01-04
9,79,278.61,2016-01-04
10,104,134.70,2016-01-04
11,44,207.13,2016-01-05
12,49,292.02,2016-01-05
13,53,203.16,2016-01-05
14,64,200.47,2016-01-05
15,74,92.50,2016-01-05
16,74,147.31,2016-01-05
17,104,418.36,2016-01-05
18,109,444.32,2016-01-05
19,18,173.55,2016-01-06
20,27,101.97,2016-01-06
21,29,212.32,2016-01-06
22,33,59.76,2016-01-06
23,34,443.88,2016-01-06
24,38,79.85,2016-01-06
25,53,165.40,2016-01-06
26,95,91.65,2016-01-06
27,95,432.29,2016-01-06
28,117,482.53,2016-01-06
29,129,425.75,2016-01-06
30,136,218.36,2016-01-06
31,33,299.27,2016-01-07
32,40,312.57,2016-01-07
33,66,351.44,2016-01-07
34,78,362.59,2016-01-07
35,79,282.56,2016-01-07
36,89,332.16,2016-01-07
37,119,185.84,2016-01-07
38,10,497.12,2016-01-08
39,29,363.23,2016-01-08
40,79,218.53,2016-01-08
41,116,348.56,2016-01-08
42,31,316.11,2016-01-11
43,56,84.18,2016-01-11
44,66,101.71,2016-01-11
45,69,290.85,2016-01-11
46,75,446.80,2016-01-11
47,78,177.63,2016-01-11
48,118,151.56,2016-01-11
49,126,99.33,2016-01-11
50,126,339.93,2016-01-11
51,18,390.25,2016-01-12
52,47,373.09,2016-01-12
53,105,465.09,2016-01-12
54,114,434.30,2016-01-12
55,129,234.62,2016-01-12
56,38,369.24,2016-01-13
57,40,234.13,2016-01-13
58,42,320.78,2016-01-13
59,66,427.60,2016-01-13
60,69,453.06,2016-01-13
61,69,182.61,2016-01-13
62,114,324.40,2016-01-13
63,138,344.85,2016-01-13
64,27,68.20,2016-01-14
65,42,58.60,2016-01-14
66,44,411.92,2016-01-14
67,64,283.94,2016-01-14
68,10,111.94,2016-01-15
69,32,174.71,2016-01-15
70,126,496.81,2016-01-15
71,132,395.23,2016-01-15
72,38,149.12,2016-01-18
73,41,214.69,2016-01-18
74,41,98.21,2016-01-18
75,75,475.30,2016-01-18
76,79,128.95,2016-01-18
77,103,260.56,2016-01-18
78,114,153.07,2016-01-18
79,118,192.86,2016-01-18
80,128,412.74,2016-01-18
81,38,56.85,2016-01-19
82,40,70.39,2016-01-19
83,136,310.84,2016-01-19
84,137,351.47,2016-01-19
85,74,325.60,2016-01-20
86,136,115.05,2016-01-20
87,3,429.50,2016-01-21
88,10,157.79,2016-01-21
89,103,361.97,2016-01-21
90,117,161.30,2016-01-21
91,131,300.75,2016-01-21
92,132,421.25,2016-01-21
93,132,295.82,2016-01-21
94,136,133.20,2016-01-21
95,32,237.21,2016-01-22
96,74,121.62,2016-01-22
97,78,437.07,2016-01-22
98,79,118.11,2016-01-22
99,95,415.00,2016-01-22
100,128,305.27,2016-01-22
101,128,185.12,2016-01-22
102,136,98.47,2016-01-22
103,49,311.61,2016-01-25
104,61,146.26,2016-01-25
105,89,180.30,2016-01-25
106,98,392.07,2016-01-25
107,128,373.58,2016-01-25
108,131,239.50,2016-01-25
109,32,480.27,2016-01-26
110,42,242.22,2016-01-26
111,98,294.93,2016-01-26
112,128,137.68,2016-01-26
113,131,450.76,2016-01-26
114,10,405.15,2016-01-27
115,34,442.50,2016-01-27
116,105,227.43,2016-01-27
117,126,62.26,2016-01-27
118,138,68.51,2016-01-27
119,49,80.27,2016-01-28
120,66,237.95,2016-01-28
121,104,237.17,2016-01-28
122,27,61.51,2016-01-29
123,40,117.33,2016-01-29
124,98,129.50,2016-01-29
125,105,345.40,2016-01-29
126,104,314.74,2016-02-01
127,138,337.48,2016-02-01
128,29,258.21,2016-02-02
129,44,339.80,2016-02-02
130,49,108.13,2016-02-02
131,61,362.46,2016-02-02
132,74,115.95,2016-02-02
133,103,150.84,2016-02-02
134,114,238.09,2016-02-02
135,116,363.88,2016-02-02
136,32,409.49,2016-02-03
137,44,133.90,2016-02-03
138,61,333.86,2016-02-03
139,129,384.60,2016-02-03
140,139,435.32,2016-02-03
141,19,174.68,2016-02-04
142,29,314.97,2016-02-04
143,31,265.98,2016-02-04
144,44,371.78,2016-02-04
145,47,342.56,2016-02-04
146,56,252.97,2016-02-04
147,74,61.59,2016-02-04
148,95,51.39,2016-02-04
149,114,181.11,2016-02-04
150,10,379.04,2016-02-05
151,10,161.76,2016-02-05
152,40,228.99,2016-02-05
153,41,370.74,2016-02-05
154,69,92.08,2016-02-05
155,74,56.43,2016-02-05
156,75,383.22,2016-02-05
157,31,338.34,2016-02-08
158,75,400.37,2016-02-08
159,75,382.65,2016-02-08
160,3,142.37,2016-02-09
161,8,148.29,2016-02-09
162,29,243.34,2016-02-10
163,33,100.37,2016-02-10
164,47,85.48,2016-02-10
165,53,86.63,2016-02-10
166,56,93.41,2016-02-10
167,56,327.23,2016-02-10
168,56,292.94,2016-02-10
169,75,121.16,2016-02-10
170,103,146.56,2016-02-10
171,103,141.61,2016-02-10
172,119,485.65,2016-02-10
173,131,117.82,2016-02-10
174,34,454.16,2016-02-11
175,53,469.86,2016-02-11
176,63,206.00,2016-02-11
177,75,101.12,2016-02-11
178,89,483.34,2016-02-11
179,126,257.31,2016-02-11
180,3,184.74,2016-02-12
181,31,191.62,2016-02-12
182,49,214.07,2016-02-12
183,66,230.52,2016-02-12
184,78,418.46,2016-02-12
185,95,336.17,2016-02-12
186,104,170.09,2016-02-12
187,126,70.55,2016-02-12
188,126,409.77,2016-02-12
189,139,323.68,2016-02-12
190,10,111.42,2016-02-15
191,49,70.05,2016-02-15
192,66,444.79,2016-02-15
193,74,51.55,2016-02-15
194,116,325.98,2016-02-15
195,126,217.05,2016-02-15
196,136,485.35,2016-02-15
197,20,478.95,2016-02-16
198,42,376.77,2016-02-16
199,64,213.57,2016-02-16
200,66,163.24,2016-02-16
201,78,494.41,2016-02-16
202,79,404.40,2016-02-16
203,104,183.47,2016-02-16
204,114,63.76,2016-02-16
205,118,168.37,2016-02-16
206,121,209.55,2016-02-16
207,131,492.47,2016-02-16
208,8,469.46,2016-02-17
209,40,388.62,2016-02-17
210,66,456.66,2016-02-17
211,138,193.84,2016-02-17
212,53,54.26,2016-02-18
213,56,304.57,2016-02-18
214,61,93.89,2016-02-18
215,69,353.91,2016-02-18
216,79,352.21,2016-02-18
217,89,176.92,2016-02-18
218,103,459.73,2016-02-18
219,109,392.81,2016-02-18
220,139,364.58,2016-02-18
221,42,336.84,2016-02-19
222,56,130.49,2016-02-19
223,8,409.93,2016-02-22
224,32,177.01,2016-02-22
225,49,77.15,2016-02-22
226,53,184.43,2016-02-22
227,56,377.76,2016-02-22
228,74,85.19,2016-02-22
229,98,207.09,2016-02-22
230,109,173.00,2016-02-22
231,116,167.09,2016-02-22
232,126,332.47,2016-02-22
233,128,466.85,2016-02-22
234,18,362.21,2016-02-23
235,27,241.06,2016-02-23
236,47,225.32,2016-02-23
237,79,349.24,2016-02-23
238,89,164.88,2016-02-23
239,106,312.46,2016-02-23
240,121,351.84,2016-02-23
241,121,83.46,2016-02-23
242,126,206.62,2016-02-23
243,129,408.32,2016-02-23
244,10,327.30,2016-02-24
245,10,438.45,2016-02-24
246,18,362.71,2016-02-24
247,20,239.44,2016-02-24
248,27,130.82,2016-02-24
249,47,369.43,2016-02-24
250,66,275.29,2016-02-24
251,69,322.53,2016-02-24
252,75,125.56,2016-02-24
253,136,398.83,2016-02-24
254,33,349.31,2016-02-25
255,47,306.84,2016-02-25
256,64,111.26,2016-02-25
257,69,117.00,2016-02-25
258,104,51.63,2016-02-25
259,132,52.77,2016-02-25
260,20,431.56,2016-02-26
261,75,76.58,2016-02-26
262,79,289.07,2016-02-26
263,105,259.59,2016-02-26
264,121,389.11,2016-02-26
265,129,269.66,2016-02-26
266,10,335.67,2016-02-29
267,29,160.91,2016-02-29
268,61,449.23,2016-02-29
269,103,147.19,2016-02-29
270,116,198.10,2016-02-29
271,10,401.73,2016-03-01
272,32,338.87,2016-03-01
273,64,372.15,2016-03-01
274,78,135.42,2016-03-01
275,89,227.35,2016-03-01
276,18,300.06,2016-03-02
277,29,209.56,2016-03-02
278,34,443.97,2016-03-02
279,61,136.98,2016-03-02
280,78,395.54,2016-03-02
281,132,241.30,2016-03-02
282,31,323.93,2016-03-04
283,75,254.04,2016-03-04
284,121,333.64,2016-03-04
285,138,55.51,2016-03-04
286,139,324.71,2016-03-04
287,7,495.11,2016-03-07
288,49,159.05,2016-03-07
289,129,180.04,2016-03-07
290,10,295.58,2016-03-08
291,41,356.27,2016-03-08
292,49,348.07,2016-03-08
293,66,387.98,2016-03-08
294,118,153.25,2016-03-08
295,139,411.11,2016-03-08
296,8,259.15,2016-03-09
297,40,80.04,2016-03-09
298,41,339.87,2016-03-09
299,53,208.02,2016-03-09
300,64,320.17,2016-03-09
301,78,489.50,2016-03-09
302,79,84.69,2016-03-09
303,119,172.44,2016-03-09
304,131,212.85,2016-03-09
305,20,338.36,2016-03-10
306,38,81.33,2016-03-10
307,38,205.79,2016-03-10
308,40,302.55,2016-03-10
309,47,214.82,2016-03-10
310,49,59.66,2016-03-10
311,66,498.59,2016-03-10
312,69,478.06,2016-03-10
313,106,214.69,2016-03-10
314,114,241.28,2016-03-10
315,118,369.10,2016-03-10
316,49,72.72,2016-03-11
317,69,340.77,2016-03-11
318,79,346.98,2016-03-11
319,117,276.52,2016-03-11
320,126,156.20,2016-03-11
321,64,62.50,2016-03-14
322,75,394.31,2016-03-14
323,78,140.77,2016-03-14
324,109,394.51,2016-03-14
325,117,119.87,2016-03-14
326,139,65.62,2016-03-14
327,19,90.99,2016-03-15
328,38,328.78,2016-03-15
329,47,147.49,2016-03-15
330,56,231.99,2016-03-15
331,61,143.01,2016-03-15
332,79,108.90,2016-03-15
333,114,497.52,2016-03-15
334,138,434.99,2016-03-15
335,29,492.95,2016-03-16
336,64,61.87,2016-03-16
337,66,364.81,2016-03-16
338,104,403.18,2016-03-16
339,131,242.86,2016-03-16
340,8,384.91,2016-03-17
341,71,371.56,2016-03-17
342,79,245.99,2016-03-17
343,98,259.66,2016-03-17
344,104,296.00,2016-03-17
345,126,338.46,2016-03-17
346,44,480.46,2016-03-18
347,66,155.37,2016-03-18
348,116,220.46,2016-03-18
349,117,479.19,2016-03-18
350,31,63.16,2016-03-21
351,56,378.22,2016-03-21
352,56,450.18,2016-03-21
353,89,330.54,2016-03-21
354,116,51.85,2016-03-21
355,132,199.56,2016-03-21
356,3,169.62,2016-03-22
357,75,187.22,2016-03-22
358,106,119.61,2016-03-22
359,10,275.05,2016-03-23
360,79,143.56,2016-03-23
361,119,422.31,2016-03-23
362,128,161.44,2016-03-23
363,7,82.34,2016-03-24
364,33,488.31,2016-03-24
365,79,181.12,2016-03-24
366,105,89.04,2016-03-24
367,105,465.44,2016-03-24
368,118,426.32,2016-03-24
369,129,394.46,2016-03-24
370,136,257.68,2016-03-24
371,8,444.13,2016-03-25
372,38,183.06,2016-03-25
373,61,274.20,2016-03-25
374,95,349.88,2016-03-25
375,95,350.05,2016-03-25
376,117,205.71,2016-03-25
377,132,246.47,2016-03-25
378,40,354.21,2016-03-28
379,75,128.17,2016-03-28
380,98,360.48,2016-03-28
381,136,443.35,2016-03-28
382,27,268.37,2016-03-29
383,40,466.42,2016-03-29
384,44,452.18,2016-03-29
385,53,78.86,2016-03-29
386,53,330.94,2016-03-29
387,56,114.78,2016-03-29
388,89,430.13,2016-03-29
389,118,406.17,2016-03-29
390,10,351.92,2016-03-30
391,32,302.05,2016-03-30
392,33,339.39,2016-03-30
393,40,338.88,2016-03-30
394,121,88.75,2016-03-30
395,132,345.71,2016-03-30
396,31,364.13,2016-03-31
397,79,296.35,2016-03-31
398,109,445.20,2016-03-31
399,114,203.56,2016-03-31
400,121,355.04,2016-03-31
401,138,402.03,2016-03-31
402,3,363.53,2016-04-01
403,44,342.05,2016-04-01
404,116,214.23,2016-04-01
405,139,168.01,2016-04-01
406,20,375.26,2016-04-04
407,29,103.66,2016-04-04
408,42,280.53,2016-04-04
409,98,486.95,2016-04-04
410,20,78.93,2016-04-05
411,27,496.60,2016-04-05
412,29,129.50,2016-04-05
413,103,494.57,2016-04-05
414,126,323.52,2016-04-05
415,128,244.44,2016-04-05
416,27,71.16,2016-04-06
417,40,391.91,2016-04-06
418,42,108.85,2016-04-06
419,63,194.56,2016-04-06
420,95,155.65,2016-04-06
421,116,373.82,2016-04-06
422,116,108.86,2016-04-06
423,129,54.64,2016-04-06
424,34,386.04,2016-04-07
425,89,424.52,2016-04-07
426,98,127.16,2016-04-07
427,10,486.73,2016-04-08
428,69,383.69,2016-04-08
429,74,274.21,2016-04-08
430,74,416.79,2016-04-08
431,117,433.74,2016-04-08
432,129,132.25,2016-04-08
433,34,372.87,2016-04-11
434,41,195.09,2016-04-11
435,41,200.41,2016-04-11
436,41,71.15,2016-04-11
437,53,358.31,2016-04-11
438,61,127.66,2016-04-11
439,95,85.73,2016-04-11
440,29,371.78,2016-04-12
441,33,258.05,2016-04-12
442,42,478.47,2016-04-12
443,47,209.82,2016-04-12
444,49,112.50,2016-04-12
445,49,409.53,2016-04-12
446,49,367.35,2016-04-12
447,105,434.65,2016-04-12
448,117,239.88,2016-04-12
449,138,450.89,2016-04-12
450,10,110.87,2016-04-13
451,20,179.71,2016-04-13
452,34,468.21,2016-04-13
453,47,179.87,2016-04-13
454,75,154.43,2016-04-13
455,98,111.33,2016-04-13
456,104,352.12,2016-04-13
457,106,63.17,2016-04-13
458,117,339.29,2016-04-13
459,117,256.77,2016-04-13
460,132,102.77,2016-04-13
461,40,216.57,2016-04-14
462,71,331.30,2016-04-14
463,42,199.48,2016-04-15
464,47,424.91,2016-04-15
465,78,301.98,2016-04-15
466,78,68.75,2016-04-15
467,98,153.65,2016-04-15
468,109,238.93,2016-04-15
469,131,190.54,2016-04-15
470,10,471.85,2016-04-18
471,69,98.05,2016-04-18
472,114,414.75,2016-04-18
473,29,480.27,2016-04-19
474,44,399.61,2016-04-19
475,98,228.79,2016-04-19
476,114,121.77,2016-04-19
477,118,494.42,2016-04-19
478,138,252.45,2016-04-19
479,20,204.51,2016-04-20
480,20,374.06,2016-04-20
481,40,478.79,2016-04-20
482,63,212.64,2016-04-20
483,66,346.13,2016-04-20
484,89,155.16,2016-04-20
485,105,267.15,2016-04-20
486,114,328.43,2016-04-20
487,19,329.00,2016-04-21
488,40,50.76,2016-04-21
489,49,298.91,2016-04-21
490,75,169.77,2016-04-21
491,89,292.84,2016-04-21
492,104,346.56,2016-04-21
493,129,216.21,2016-04-21
494,41,127.45,2016-04-22
495,63,63.40,2016-04-22
496,131,403.92,2016-04-22
497,33,133.52,2016-04-25
498,74,482.57,2016-04-25
499,95,128.27,2016-04-25
500,104,202.91,2016-04-25
501,116,203.38,2016-04-25
502,139,66.03,2016-04-25
503,10,361.22,2016-04-26
504,19,145.84,2016-04-26
505,20,210.77,2016-04-26
506,69,95.46,2016-04-26
507,89,250.79,2016-04-26
508,27,217.54,2016-04-27
509,41,270.44,2016-04-27
510,42,265.83,2016-04-27
511,44,337.11,2016-04-27
512,47,410.68,2016-04-27
513,79,358.94,2016-04-27
514,33,430.52,2016-04-28
515,49,350.23,2016-04-28
516,106,496.35,2016-04-28
517,106,70.70,2016-04-28
518,109,313.47,2016-04-28
519,117,160.61,2016-04-28
520,20,276.08,2016-04-29
521,63,69.03,2016-04-29
522,89,200.12,2016-04-29
523,95,287.39,2016-05-02
524,116,307.95,2016-05-02
525,116,353.86,2016-05-02
526,121,477.23,2016-05-02
527,132,195.81,2016-05-02
528,44,470.05,2016-05-03
529,56,64.05,2016-05-03
530,66,252.21,2016-05-03
531,74,435.50,2016-05-03
532,95,90.05,2016-05-03
533,128,288.57,2016-05-03
534,138,221.08,2016-05-03
535,8,262.68,2016-05-04
536,8,118.47,2016-05-04
537,47,53.31,2016-05-04
538,61,482.84,2016-05-04
539,64,234.12,2016-05-04
540,66,148.86,2016-05-04
541,78,186.85,2016-05-04
542,79,97.57,2016-05-04
543,118,78.64,2016-05-04
544,119,92.91,2016-05-04
545,10,309.84,2016-05-05
546,31,83.90,2016-05-05
547,32,108.39,2016-05-05
548,33,261.54,2016-05-05
549,49,195.82,2016-05-05
550,79,439.62,2016-05-05
551,89,298.01,2016-05-05
552,89,496.79,2016-05-05
553,116,93.54,2016-05-05
554,138,370.75,2016-05-05
555,18,306.93,2016-05-06
556,29,134.46,2016-05-06
557,71,205.13,2016-05-06
558,89,224.41,2016-05-06
559,104,400.20,2016-05-06
560,105,387.12,2016-05-06
561,126,313.21,2016-05-06
562,128,122.03,2016-05-06
563,136,140.53,2016-05-06
564,29,363.51,2016-05-09
565,32,106.61,2016-05-09
566,63,309.97,2016-05-09
567,66,486.19,2016-05-09
568,89,352.49,2016-05-09
569,136,183.00,2016-05-09
570,3,358.49,2016-05-10
571,10,209.51,2016-05-10
572,47,202.59,2016-05-10
573,98,481.72,2016-05-10
574,129,352.89,2016-05-10
575,18,322.16,2016-05-11
576,63,273.80,2016-05-11
577,136,171.14,2016-05-11
578,20,492.80,2016-05-12
579,79,348.19,2016-05-12
580,103,378.79,2016-05-12
581,117,235.47,2016-05-12
582,121,118.02,2016-05-12
583,136,314.35,2016-05-12
584,32,230.94,2016-05-13
585,44,174.79,2016-05-13
586,47,277.97,2016-05-13
587,78,417.55,2016-05-13
588,95,222.11,2016-05-13
589,31,199.06,2016-05-16
590,118,183.03,2016-05-16
591,131,413.85,2016-05-16
592,132,483.19,2016-05-16
593,8,424.63,2016-05-17
594,34,96.21,2016-05-17
595,63,261.60,2016-05-17
596,64,127.68,2016-05-17
597,103,189.31,2016-05-17
598,114,177.34,2016-05-17
599,119,119.40,2016-05-17
600,132,356.49,2016-05-17
601,32,426.94,2016-05-18
602,47,94.84,2016-05-18
603,56,66.47,2016-05-18
604,78,389.64,2016-05-18
605,98,430.00,2016-05-18
606,98,338.00,2016-05-18
607,121,138.88,2016-05-18
608,128,145.21,2016-05-18
609,129,52.29,2016-05-19
610,74,76.35,2016-05-20
611,78,487.84,2016-05-20
612,126,243.53,2016-05-20
613,128,401.24,2016-05-20
614,34,305.54,2016-05-23
615,34,398.69,2016-05-23
616,44,258.78,2016-05-23
617,89,54.97,2016-05-23
618,103,395.04,2016-05-23
619,116,310.45,2016-05-23
620,128,472.34,2016-05-23
621,18,51.06,2016-05-24
622,20,148.51,2016-05-24
623,34,378.52,2016-05-24
624,61,165.98,2016-05-24
625,95,76.88,2016-05-24
626,105,313.15,2016-05-24
627,114,390.97,2016-05-24
628,116,464.22,2016-05-24
629,116,442.41,2016-05-24
630,139,67.21,2016-05-24
631,41,191.45,2016-05-25
632,42,74.19,2016-05-25
633,98,496.99,2016-05-25
634,109,377.12,2016-05-25
635,114,465.93,2016-05-25
636,121,69.95,2016-05-25
637,132,76.88,2016-05-25
638,27,229.36,2016-05-26
639,66,97.06,2016-05-26
640,78,371.34,2016-05-26
641,117,302.12,2016-05-26
642,118,317.62,2016-05-26
643,126,413.74,2016-05-26
644,64,58.09,2016-05-27
645,74,273.19,2016-05-27
646,106,211.16,2016-05-27
647,131,255.72,2016-05-27
648,33,235.67,2016-05-30
649,44,97.39,2016-05-30
650,61,475.02,2016-05-30
651,79,146.71,2016-05-30
652,33,379.09,2016-05-31
653,40,112.15,2016-05-31
654,116,441.87,2016-05-31
655,129,280.83,2016-05-31
656,138,417.84,2016-05-31
657,19,256.00,2016-06-01
658,31,192.45,2016-06-01
659,34,67.15,2016-06-01
660,74,232.28,2016-06-01
661,105,441.28,2016-06-01
662,118,79.00,2016-06-01
663,136,480.87,2016-06-01
664,138,303.22,2016-06-01
665,40,383.54,2016-06-02
666,49,276.32,2016-06-02
667,75,442.71,2016-06-02
668,117,491.98,2016-06-02
669,128,431.24,2016-06-02
670,129,225.12,2016-06-02
671,131,97.82,2016-06-02
672,136,181.51,2016-06-02
673,27,429.02,2016-06-03
674,44,317.25,2016-06-03
675,49,394.37,2016-06-03
676,138,307.24,2016-06-03
677,42,418.23,2016-06-06
678,63,309.99,2016-06-06
679,89,266.77,2016-06-06
680,105,467.79,2016-06-06
681,109,393.23,2016-06-06
682,19,324.53,2016-06-07
683,64,474.64,2016-06-08
684,66,88.54,2016-06-08
685,117,311.81,2016-06-08
686,121,403.95,2016-06-08
687,49,254.45,2016-06-09
688,56,300.95,2016-06-09
689,89,258.84,2016-06-09
690,98,440.55,2016-06-09
691,103,443.11,2016-06-09
692,117,483.82,2016-06-09
693,41,187.88,2016-06-10
694,61,345.96,2016-06-10
695,79,462.19,2016-06-10
696,79,215.27,2016-06-10
697,116,190.99,2016-06-10
698,117,246.61,2016-06-10
699,137,343.47,2016-06-10
700,31,450.86,2016-06-13
701,42,257.24,2016-06-13
702,42,266.95,2016-06-13
703,47,472.84,2016-06-13
704,66,360.75,2016-06-13
705,69,405.59,2016-06-13
706,128,141.38,2016-06-13
707,139,217.66,2016-06-14
708,139,275.79,2016-06-14
709,10,221.69,2016-06-15
710,34,209.83,2016-06-15
711,41,441.87,2016-06-15
712,42,368.57,2016-06-15
713,64,136.39,2016-06-15
714,78,217.61,2016-06-15
715,106,251.72,2016-06-15
716,116,392.60,2016-06-15
717,126,61.79,2016-06-15
718,10,209.15,2016-06-16
719,44,137.20,2016-06-16
720,104,490.16,2016-06-16
721,119,75.89,2016-06-16
722,34,245.43,2016-06-17
723,56,439.32,2016-06-17
724,89,175.24,2016-06-17
725,89,444.85,2016-06-17
726,118,337.37,2016-06-17
727,139,417.55,2016-06-17
728,34,95.07,2016-06-20
729,34,198.72,2016-06-20
730,38,332.57,2016-06-20
731,40,78.63,2016-06-20
732,44,224.10,2016-06-20
733,44,109.61,2016-06-20
734,47,330.66,2016-06-20
735,74,415.48,2016-06-20
736,75,341.46,2016-06-20
737,126,121.36,2016-06-20
738,8,69.93,2016-06-21
739,49,93.61,2016-06-21
740,103,383.82,2016-06-21
741,109,406.97,2016-06-21
742,117,416.09,2016-06-21
743,128,228.81,2016-06-21
744,136,224.17,2016-06-21
745,29,367.93,2016-06-22
746,47,414.96,2016-06-22
747,47,292.05,2016-06-22
748,61,208.06,2016-06-22
749,61,97.62,2016-06-22
750,106,491.09,2016-06-22
751,121,139.21,2016-06-22
752,129,484.22,2016-06-22
753,27,255.80,2016-06-23
754,29,118.58,2016-06-23
755,64,62.51,2016-06-23
756,71,450.47,2016-06-23
757,78,213.76,2016-06-23
758,128,198.78,2016-06-23
759,136,224.30,2016-06-23
760,29,358.34,2016-06-24
761,33,439.19,2016-06-24
762,42,98.24,2016-06-24
763,42,202.95,2016-06-24
764,53,141.46,2016-06-24
765,69,400.92,2016-06-24
766,116,387.61,2016-06-24
767,118,262.52,2016-06-24
768,138,278.16,2016-06-24
769,41,473.73,2016-06-27
770,41,134.76,2016-06-27
771,41,89.62,2016-06-27
772,44,151.21,2016-06-27
773,47,434.05,2016-06-27
774,61,233.97,2016-06-28
775,78,257.68,2016-06-28
776,106,441.26,2016-06-28
777,117,435.34,2016-06-28
778,118,259.93,2016-06-28
779,18,464.82,2016-06-29
780,27,288.51,2016-06-29
781,47,157.08,2016-06-29
782,49,385.69,2016-06-29
783,49,308.42,2016-06-29
784,69,169.10,2016-06-29
785,71,190.35,2016-06-29
786,75,122.54,2016-06-29
787,118,398.59,2016-06-29
788,29,170.06,2016-06-30
789,41,233.92,2016-06-30
790,44,340.56,2016-06-30
791,78,489.40,2016-06-30
792,105,264.51,2016-06-30
793,109,479.53,2016-06-30
794,38,241.26,2016-07-01
795,40,377.80,2016-07-04
796,75,191.15,2016-07-04
797,79,294.97,2016-07-04
798,89,487.65,2016-07-04
799,119,147.80,2016-07-04
800,139,257.71,2016-07-04
801,8,333.29,2016-07-05
802,29,386.46,2016-07-05
803,32,389.35,2016-07-05
804,63,204.83,2016-07-05
805,126,484.76,2016-07-05
806,136,487.95,2016-07-05
807,27,248.18,2016-07-06
808,29,271.24,2016-07-06
809,40,371.34,2016-07-06
810,40,70.49,2016-07-06
811,79,258.62,2016-07-06
812,89,120.36,2016-07-06
813,103,287.99,2016-07-06
814,114,374.57,2016-07-06
815,116,289.96,2016-07-06
816,20,148.54,2016-07-07
817,29,480.32,2016-07-07
818,47,102.12,2016-07-07
819,49,409.85,2016-07-07
820,74,304.51,2016-07-07
821,105,464.67,2016-07-07
822,137,59.86,2016-07-07
823,139,230.37,2016-07-07
824,20,298.80,2016-07-08
825,44,121.39,2016-07-08
826,63,170.13,2016-07-08
827,75,219.91,2016-07-08
828,139,356.55,2016-07-08
829,3,149.64,2016-07-11
830,42,242.86,2016-07-11
831,61,244.34,2016-07-11
832,98,75.44,2016-07-11
833,106,344.67,2016-07-11
834,117,367.08,2016-07-11
835,121,347.90,2016-07-11
836,44,450.81,2016-07-12
837,63,360.81,2016-07-12
838,129,195.57,2016-07-12
839,8,291.71,2016-07-13
840,29,484.50,2016-07-13
841,34,176.74,2016-07-13
842,44,412.67,2016-07-13
843,114,349.13,2016-07-13
844,131,351.77,2016-07-13
845,31,202.26,2016-07-14
846,31,484.47,2016-07-14
847,33,454.13,2016-07-14
848,38,240.60,2016-07-14
849,40,287.89,2016-07-14
850,69,487.56,2016-07-14
851,116,125.95,2016-07-14
852,32,418.16,2016-07-15
853,32,461.59,2016-07-15
854,49,133.07,2016-07-15
855,56,100.97,2016-07-15
856,105,174.77,2016-07-15
857,38,167.06,2016-07-18
858,63,400.68,2016-07-18
859,75,160.11,2016-07-18
860,98,386.72,2016-07-18
861,104,160.26,2016-07-18
862,138,410.36,2016-07-18
863,29,294.19,2016-07-19
864,33,398.38,2016-07-19
865,34,306.67,2016-07-19
866,78,318.33,2016-07-19
867,95,249.16,2016-07-19
868,95,233.49,2016-07-19
869,98,339.19,2016-07-19
870,116,298.58,2016-07-19
871,118,264.06,2016-07-19
872,41,111.06,2016-07-20
873,121,54.50,2016-07-20
874,121,110.20,2016-07-20
875,136,91.78,2016-07-20
876,7,210.27,2016-07-21
877,44,125.61,2016-07-21
878,47,365.75,2016-07-21
879,49,410.93,2016-07-21
880,74,345.72,2016-07-21
881,119,481.66,2016-07-21
882,27,417.00,2016-07-22
883,61,362.33,2016-07-22
884,64,474.72,2016-07-22
885,121,296.34,2016-07-22
886,41,136.51,2016-07-25
887,41,109.27,2016-07-25
888,75,233.39,2016-07-25
889,79,230.30,2016-07-25
890,105,192.37,2016-07-25
891,129,90.56,2016-07-25
892,27,52.02,2016-07-26
893,47,330.42,2016-07-26
894,49,94.96,2016-07-26
895,56,457.23,2016-07-26
896,71,220.19,2016-07-26
897,75,222.50,2016-07-26
898,138,459.18,2016-07-26
899,10,119.48,2016-07-27
900,18,234.36,2016-07-27
901,49,62.94,2016-07-27
902,63,212.34,2016-07-27
903,63,170.22,2016-07-27
904,20,481.30,2016-07-28
905,38,302.71,2016-07-29
906,53,241.58,2016-07-29
907,61,267.88,2016-07-29
908,69,468.69,2016-07-29
909,104,392.74,2016-07-29
910,131,357.44,2016-07-29
911,104,357.32,2016-08-01
912,131,134.98,2016-08-01
913,61,164.98,2016-08-02
914,126,52.94,2016-08-02
915,129,133.96,2016-08-02
916,47,248.20,2016-08-03
917,69,56.75,2016-08-03
918,129,359.69,2016-08-03
919,138,161.22,2016-08-03
920,27,376.13,2016-08-04
921,27,107.11,2016-08-04
922,31,399.95,2016-08-04
923,66,310.63,2016-08-04
924,116,275.37,2016-08-04
925,116,127.99,2016-08-04
926,20,361.60,2016-08-05
927,34,197.74,2016-08-05
928,42,461.32,2016-08-05
929,75,263.78,2016-08-05
930,116,403.49,2016-08-05
931,118,405.64,2016-08-05
932,19,99.11,2016-08-08
933,71,438.87,2016-08-08
934,71,324.73,2016-08-08
935,74,154.12,2016-08-08
936,75,391.20,2016-08-08
937,114,144.92,2016-08-08
938,117,177.25,2016-08-08
939,132,140.40,2016-08-08
940,10,135.16,2016-08-09
941,18,461.28,2016-08-09
942,69,136.43,2016-08-09
943,71,187.05,2016-08-09
944,131,142.50,2016-08-09
945,138,315.51,2016-08-09
946,31,241.12,2016-08-10
947,34,264.67,2016-08-10
948,47,386.45,2016-08-10
949,56,104.98,2016-08-10
950,66,334.17,2016-08-10
951,95,363.13,2016-08-10
952,40,312.68,2016-08-11
953,47,384.52,2016-08-11
954,104,218.38,2016-08-11
955,117,124.46,2016-08-11
956,128,382.22,2016-08-11
957,138,134.43,2016-08-11
958,27,220.75,2016-08-12
959,33,431.92,2016-08-12
960,95,203.64,2016-08-12
961,53,255.23,2016-08-15
962,56,271.70,2016-08-15
963,75,121.73,2016-08-15
964,137,483.09,2016-08-15
965,44,397.31,2016-08-16
966,64,128.65,2016-08-16
967,74,482.16,2016-08-16
968,75,481.70,2016-08-16
969,79,415.86,2016-08-16
970,105,493.97,2016-08-16
971,117,442.26,2016-08-16
972,31,298.35,2016-08-17
973,33,216.07,2016-08-17
974,41,484.09,2016-08-17
975,49,323.72,2016-08-17
976,56,291.16,2016-08-17
977,104,313.39,2016-08-17
978,40,174.79,2016-08-18
979,61,308.98,2016-08-18
980,89,439.33,2016-08-18
981,89,309.36,2016-08-18
982,47,333.71,2016-08-19
983,106,118.46,2016-08-19
984,128,80.29,2016-08-19
985,18,351.37,2016-08-22
986,27,332.25,2016-08-22
987,64,316.30,2016-08-22
988,95,270.91,2016-08-22
989,121,356.56,2016-08-22
990,128,379.37,2016-08-22
991,129,467.16,2016-08-22
992,138,401.41,2016-08-22
993,29,384.06,2016-08-23
994,42,232.54,2016-08-23
995,74,74.24,2016-08-23
996,78,160.55,2016-08-23
997,78,320.14,2016-08-23
998,103,307.93,2016-08-23
999,128,211.45,2016-08-23
1000,18,180.00,2016-08-24
1001,38,281.36,2016-08-24
1002,40,393.49,2016-08-24
1003,41,489.07,2016-08-24
1004,79,443.59,2016-08-24
1005,40,308.43,2016-08-26
1006,40,443.31,2016-08-26
1007,44,499.07,2016-08-26
1008,74,455.57,2016-08-26
1009,126,59.50,2016-08-26
1010,131,381.24,2016-08-26
1011,136,51.44,2016-08-26
1012,33,165.59,2016-08-29
1013,74,194.36,2016-08-29
1014,126,452.21,2016-08-29
1015,8,351.38,2016-08-30
1016,18,289.38,2016-08-30
1017,27,436.21,2016-08-30
1018,31,203.96,2016-08-30
1019,31,102.14,2016-08-30
1020,89,408.14,2016-08-30
1021,104,450.49,2016-08-30
1022,109,422.89,2016-08-30
1023,132,137.51,2016-08-30
1024,41,456.88,2016-08-31
1025,44,190.80,2016-08-31
1026,49,84.36,2016-08-31
1027,53,460.29,2016-08-31
1028,56,266.61,2016-08-31
1029,64,265.68,2016-08-31
1030,114,65.22,2016-08-31
1031,116,375.67,2016-08-31
1032,131,266.03,2016-08-31
1033,42,56.43,2016-09-01
1034,49,177.99,2016-09-01
1035,116,489.71,2016-09-01
1036,19,129.82,2016-09-02
1037,33,229.69,2016-09-02
1038,63,251.91,2016-09-02
1039,95,198.03,2016-09-02
1040,106,309.58,2016-09-02
1041,117,385.54,2016-09-02
1042,121,374.44,2016-09-02
1043,126,119.52,2016-09-02
1044,139,50.32,2016-09-02
1045,66,259.44,2016-09-05
1046,69,481.34,2016-09-05
1047,104,105.69,2016-09-05
1048,114,479.21,2016-09-05
1049,129,318.27,2016-09-05
1050,131,373.56,2016-09-05
1051,20,348.95,2016-09-06
1052,34,456.26,2016-09-06
1053,64,341.46,2016-09-06
1054,89,495.66,2016-09-06
1055,104,251.50,2016-09-06
1056,119,312.77,2016-09-06
1057,139,145.01,2016-09-06
1058,33,165.94,2016-09-07
1059,34,116.60,2016-09-07
1060,40,135.92,2016-09-07
1061,56,154.23,2016-09-07
1062,89,498.11,2016-09-07
1063,129,417.18,2016-09-07
1064,10,413.95,2016-09-08
1065,34,81.37,2016-09-08
1066,129,61.22,2016-09-08
1067,34,434.67,2016-09-09
1068,47,77.02,2016-09-09
1069,132,113.20,2016-09-09
1070,136,228.81,2016-09-09
1071,64,271.05,2016-09-12
1072,66,435.80,2016-09-12
1073,75,182.86,2016-09-12
1074,105,367.23,2016-09-12
1075,114,383.32,2016-09-12
1076,114,344.30,2016-09-12
1077,114,416.62,2016-09-12
1078,128,59.95,2016-09-12
1079,129,269.32,2016-09-12
1080,129,153.15,2016-09-12
1081,132,101.82,2016-09-12
1082,136,460.34,2016-09-12
1083,42,211.26,2016-09-13
1084,138,476.89,2016-09-13
1085,31,256.11,2016-09-14
1086,33,390.38,2016-09-14
1087,89,342.80,2016-09-14
1088,121,183.13,2016-09-14
1089,129,104.66,2016-09-14
1090,31,183.90,2016-09-15
1091,44,425.60,2016-09-15
1092,53,269.57,2016-09-15
1093,114,258.30,2016-09-15
1094,121,200.91,2016-09-15
1095,136,324.73,2016-09-15
1096,40,206.61,2016-09-16
1097,61,344.98,2016-09-16
1098,64,334.39,2016-09-16
1099,89,281.80,2016-09-16
1100,116,379.15,2016-09-16
1101,118,87.70,2016-09-16
1102,121,198.16,2016-09-16
1103,131,380.18,2016-09-16
1104,31,201.84,2016-09-19
1105,31,444.55,2016-09-19
1106,34,86.26,2016-09-19
1107,66,282.41,2016-09-19
1108,114,379.21,2016-09-19
1109,116,105.99,2016-09-19
1110,121,329.58,2016-09-19
1111,132,211.73,2016-09-19
1112,136,89.54,2016-09-19
1113,137,204.74,2016-09-19
1114,31,122.25,2016-09-20
1115,34,102.18,2016-09-20
1116,41,398.37,2016-09-20
1117,53,307.02,2016-09-20
1118,61,284.85,2016-09-20
1119,64,65.03,2016-09-20
1120,56,114.35,2016-09-21
1121,66,447.15,2016-09-21
1122,103,200.14,2016-09-21
1123,121,194.65,2016-09-21
1124,33,188.19,2016-09-22
1125,40,357.53,2016-09-22
1126,56,277.19,2016-09-22
1127,78,254.02,2016-09-22
1128,114,104.09,2016-09-22
1129,10,79.04,2016-09-23
1130,89,70.46,2016-09-23
1131,98,442.46,2016-09-23
1132,117,424.58,2016-09-23
1133,117,244.34,2016-09-23
1134,121,297.64,2016-09-23
1135,131,158.66,2016-09-23
1136,40,198.14,2016-09-26
1137,104,383.41,2016-09-26
1138,105,159.12,2016-09-26
1139,61,192.26,2016-09-28
1140,66,84.86,2016-09-28
1141,109,480.57,2016-09-28
1142,121,82.64,2016-09-28
1143,34,91.17,2016-09-29
1144,47,143.21,2016-09-29
1145,64,182.11,2016-09-29
1146,104,153.56,2016-09-29
1147,114,449.42,2016-09-29
1148,136,241.44,2016-09-29
1149,8,75.53,2016-09-30
1150,47,148.01,2016-09-30
1151,75,259.12,2016-09-30
1152,103,137.30,2016-09-30
1153,10,210.83,2016-10-03
1154,69,114.12,2016-10-03
1155,109,151.25,2016-10-03
1156,121,327.29,2016-10-03
1157,10,314.04,2016-10-04
1158,136,417.98,2016-10-04
1159,10,333.92,2016-10-05
1160,20,368.17,2016-10-05
1161,42,142.68,2016-10-05
1162,104,154.25,2016-10-05
1163,119,395.43,2016-10-05
1164,49,412.34,2016-10-06
1165,75,380.61,2016-10-06
1166,79,496.93,2016-10-06
1167,117,434.52,2016-10-06
1168,119,278.96,2016-10-06
1169,128,397.19,2016-10-06
1170,137,177.75,2016-10-06
1171,89,341.31,2016-10-07
1172,104,87.31,2016-10-07
1173,106,491.49,2016-10-07
1174,10,312.25,2016-10-10
1175,27,293.36,2016-10-10
1176,40,159.88,2016-10-10
1177,44,454.71,2016-10-10
1178,53,451.46,2016-10-10
1179,64,98.01,2016-10-10
1180,105,133.24,2016-10-10
1181,139,319.38,2016-10-10
1182,79,422.11,2016-10-11
1183,95,193.78,2016-10-11
1184,104,418.74,2016-10-11
1185,116,497.23,2016-10-11
1186,38,240.40,2016-10-12
1187,49,276.84,2016-10-12
1188,74,411.87,2016-10-12
1189,10,262.41,2016-10-13
1190,41,426.90,2016-10-13
1191,63,343.61,2016-10-13
1192,116,420.67,2016-10-13
1193,118,351.17,2016-10-13
1194,119,155.90,2016-10-13
1195,119,274.34,2016-10-13
1196,121,129.89,2016-10-13
1197,41,145.68,2016-10-14
1198,69,453.65,2016-10-14
1199,78,420.75,2016-10-14
1200,103,168.93,2016-10-14
1201,104,443.05,2016-10-14
1202,136,436.08,2016-10-14
1203,10,294.10,2016-10-17
1204,32,225.88,2016-10-17
1205,34,407.11,2016-10-17
1206,49,108.84,2016-10-17
1207,89,484.99,2016-10-17
1208,95,346.00,2016-10-17
1209,105,155.59,2016-10-17
1210,40,493.34,2016-10-18
1211,41,99.08,2016-10-18
1212,114,381.43,2016-10-18
1213,117,401.87,2016-10-18
1214,136,493.74,2016-10-18
1215,32,276.76,2016-10-19
1216,106,88.13,2016-10-19
1217,136,353.39,2016-10-19
1218,139,445.66,2016-10-19
1219,10,327.62,2016-10-20
1220,33,94.99,2016-10-20
1221,42,412.05,2016-10-20
1222,71,478.18,2016-10-20
1223,75,149.52,2016-10-20
1224,103,172.20,2016-10-20
1225,114,284.64,2016-10-20
1226,44,249.16,2016-10-21
1227,69,121.83,2016-10-21
1228,98,240.76,2016-10-21
1229,116,324.98,2016-10-21
1230,121,207.47,2016-10-21
1231,63,277.10,2016-10-24
1232,114,467.47,2016-10-24
1233,38,396.93,2016-10-25
1234,40,55.79,2016-10-25
1235,128,290.59,2016-10-25
1236,137,433.73,2016-10-25
1237,31,338.25,2016-10-26
1238,34,432.45,2016-10-26
1239,56,303.56,2016-10-26
1240,56,156.67,2016-10-26
1241,56,110.66,2016-10-26
1242,64,57.84,2016-10-26
1243,69,185.59,2016-10-26
1244,79,178.60,2016-10-26
1245,114,356.08,2016-10-26
1246,128,226.33,2016-10-26
1247,33,419.19,2016-10-27
1248,33,125.60,2016-10-27
1249,44,222.57,2016-10-27
1250,114,478.82,2016-10-27
1251,131,316.32,2016-10-27
1252,136,470.50,2016-10-27
1253,136,331.05,2016-10-27
1254,27,134.96,2016-10-28
1255,32,314.84,2016-10-28
1256,47,397.05,2016-10-28
1257,47,409.69,2016-10-28
1258,66,297.76,2016-10-28
1259,71,195.84,2016-10-28
1260,98,402.04,2016-10-28
1261,105,327.79,2016-10-28
1262,118,443.58,2016-10-28
1263,136,150.71,2016-10-28
1264,8,138.06,2016-10-31
1265,27,152.74,2016-10-31
1266,47,276.38,2016-10-31
1267,78,411.77,2016-10-31
1268,116,209.36,2016-10-31
1269,117,246.30,2016-10-31
1270,121,497.83,2016-10-31
1271,126,470.58,2016-10-31
1272,131,87.40,2016-10-31
1273,132,192.93,2016-10-31
1274,136,434.70,2016-10-31
1275,33,226.68,2016-11-01
1276,34,142.55,2016-11-01
1277,41,439.10,2016-11-01
1278,79,268.91,2016-11-01
1279,117,354.11,2016-11-01
1280,32,432.94,2016-11-02
1281,74,492.50,2016-11-02
1282,79,433.07,2016-11-02
1283,95,340.61,2016-11-02
1284,98,369.65,2016-11-02
1285,136,367.86,2016-11-02
1286,137,343.56,2016-11-02
1287,49,221.52,2016-11-03
1288,69,169.89,2016-11-03
1289,79,212.11,2016-11-03
1290,89,427.15,2016-11-03
1291,89,456.13,2016-11-03
1292,98,413.99,2016-11-03
1293,104,446.29,2016-11-03
1294,105,114.85,2016-11-03
1295,106,482.47,2016-11-03
1296,128,296.08,2016-11-03
1297,139,258.69,2016-11-03
1298,19,61.17,2016-11-04
1299,64,299.97,2016-11-04
1300,66,438.46,2016-11-04
1301,79,445.36,2016-11-04
1302,98,253.90,2016-11-04
1303,7,300.60,2016-11-07
1304,40,376.69,2016-11-07
1305,47,489.86,2016-11-07
1306,66,51.96,2016-11-07
1307,104,149.51,2016-11-07
1308,129,399.82,2016-11-07
1309,131,434.39,2016-11-07
1310,19,237.05,2016-11-08
1311,44,413.19,2016-11-08
1312,78,125.28,2016-11-08
1313,78,334.53,2016-11-08
1314,105,488.05,2016-11-08
1315,119,181.09,2016-11-08
1316,138,350.62,2016-11-08
1317,138,384.80,2016-11-08
1318,38,92.02,2016-11-09
1319,64,72.88,2016-11-09
1320,74,319.80,2016-11-09
1321,131,106.19,2016-11-09
1322,136,496.97,2016-11-09
1323,139,351.87,2016-11-09
1324,27,307.73,2016-11-10
1325,44,393.59,2016-11-10
1326,75,373.86,2016-11-10
1327,118,172.53,2016-11-10
1328,129,213.13,2016-11-10
1329,33,356.91,2016-11-11
1330,79,230.47,2016-11-11
1331,89,275.14,2016-11-11
1332,109,182.48,2016-11-11
1333,128,176.54,2016-11-11
1334,132,240.78,2016-11-11
1335,18,142.69,2016-11-14
1336,29,462.71,2016-11-14
1337,41,69.36,2016-11-14
1338,44,439.80,2016-11-14
1339,53,191.18,2016-11-14
1340,64,179.36,2016-11-14
1341,98,406.32,2016-11-14
1342,118,68.44,2016-11-14
1343,121,158.74,2016-11-14
1344,128,174.53,2016-11-14
1345,20,154.21,2016-11-15
1346,41,209.23,2016-11-15
1347,47,93.23,2016-11-15
1348,106,220.01,2016-11-15
1349,132,266.83,2016-11-15
1350,8,333.18,2016-11-16
1351,34,378.19,2016-11-16
1352,47,65.39,2016-11-16
1353,66,284.69,2016-11-16
1354,69,191.28,2016-11-16
1355,74,198.00,2016-11-16
1356,106,442.18,2016-11-16
1357,126,155.65,2016-11-16
1358,138,227.11,2016-11-16
1359,31,362.65,2016-11-17
1360,32,198.05,2016-11-17
1361,74,257.72,2016-11-17
1362,106,444.31,2016-11-17
1363,109,99.85,2016-11-17
1364,29,206.01,2016-11-18
1365,41,61.40,2016-11-18
1366,103,242.42,2016-11-18
1367,109,396.66,2016-11-18
1368,114,438.90,2016-11-18
1369,117,394.88,2016-11-18
1370,49,353.95,2016-11-21
1371,71,57.28,2016-11-21
1372,79,345.24,2016-11-21
1373,129,159.74,2016-11-21
1374,56,237.65,2016-11-22
1375,74,214.95,2016-11-22
1376,79,297.90,2016-11-22
1377,104,344.80,2016-11-22
1378,19,451.21,2016-11-23
1379,31,72.42,2016-11-23
1380,34,402.02,2016-11-23
1381,49,60.37,2016-11-23
1382,69,387.69,2016-11-23
1383,79,160.72,2016-11-23
1384,89,194.95,2016-11-23
1385,104,457.71,2016-11-23
1386,138,256.30,2016-11-23
1387,53,169.16,2016-11-24
1388,118,143.40,2016-11-24
1389,3,452.04,2016-11-25
1390,19,62.54,2016-11-25
1391,47,354.93,2016-11-25
1392,49,201.01,2016-11-25
1393,64,346.66,2016-11-25
1394,129,382.60,2016-11-25
1395,32,182.06,2016-11-28
1396,53,265.07,2016-11-28
1397,109,458.85,2016-11-28
1398,114,308.04,2016-11-28
1399,117,317.82,2016-11-28
1400,132,265.14,2016-11-28
1401,42,441.53,2016-11-29
1402,44,466.91,2016-11-29
1403,47,445.91,2016-11-29
1404,89,80.38,2016-11-29
1405,98,247.75,2016-11-29
1406,18,295.23,2016-11-30
1407,33,362.22,2016-11-30
1408,40,449.41,2016-11-30
1409,41,294.79,2016-11-30
1410,104,92.51,2016-11-30
1411,119,134.76,2016-11-30
1412,71,447.73,2016-12-01
1413,78,130.89,2016-12-01
1414,78,247.08,2016-12-01
1415,104,282.06,2016-12-01
1416,121,155.91,2016-12-01
1417,138,391.05,2016-12-01
1418,75,119.22,2016-12-02
1419,114,179.97,2016-12-02
1420,47,294.88,2016-12-05
1421,47,232.42,2016-12-05
1422,61,364.58,2016-12-05
1423,63,337.27,2016-12-05
1424,78,88.95,2016-12-05
1425,89,299.64,2016-12-05
1426,118,443.70,2016-12-05
1427,132,101.38,2016-12-05
1428,27,467.24,2016-12-06
1429,44,372.56,2016-12-06
1430,47,270.40,2016-12-06
1431,47,82.23,2016-12-06
1432,53,113.01,2016-12-06
1433,71,86.87,2016-12-06
1434,74,179.60,2016-12-06
1435,126,473.96,2016-12-06
1436,129,477.33,2016-12-06
1437,138,135.58,2016-12-06
1438,18,458.87,2016-12-07
1439,61,435.26,2016-12-07
1440,66,263.72,2016-12-07
1441,103,201.94,2016-12-07
1442,114,285.15,2016-12-07
1443,116,83.07,2016-12-07
1444,136,459.16,2016-12-07
1445,138,122.50,2016-12-07
1446,34,90.91,2016-12-08
1447,61,83.03,2016-12-08
1448,75,464.63,2016-12-08
1449,121,242.67,2016-12-08
1450,128,275.52,2016-12-08
1451,27,323.65,2016-12-09
1452,64,409.44,2016-12-09
1453,137,160.63,2016-12-09
1454,34,181.51,2016-12-12
1455,49,158.33,2016-12-12
1456,49,148.63,2016-12-12
1457,66,348.25,2016-12-12
1458,89,99.71,2016-12-12
1459,105,421.66,2016-12-12
1460,118,347.27,2016-12-12
1461,126,364.25,2016-12-12
1462,138,477.93,2016-12-12
1463,34,476.46,2016-12-13
1464,42,296.18,2016-12-13
1465,109,480.83,2016-12-13
1466,118,283.43,2016-12-13
1467,34,461.72,2016-12-14
1468,49,212.51,2016-12-14
1469,56,213.12,2016-12-14
1470,61,335.88,2016-12-14
1471,61,269.27,2016-12-14
1472,117,164.78,2016-12-14
1473,136,357.78,2016-12-14
1474,38,100.12,2016-12-15
1475,41,438.57,2016-12-15
1476,56,495.92,2016-12-15
1477,74,359.44,2016-12-15
1478,105,249.27,2016-12-15
1479,131,499.39,2016-12-15
1480,136,347.69,2016-12-15
1481,136,253.29,2016-12-15
1482,139,138.04,2016-12-15
1483,34,442.68,2016-12-16
1484,44,183.75,2016-12-16
1485,98,134.56,2016-12-16
1486,114,157.05,2016-12-16
1487,116,415.43,2016-12-16
1488,129,146.85,2016-12-16
1489,138,106.72,2016-12-16
1490,139,102.62,2016-12-16
1491,29,249.64,2016-12-19
1492,47,465.07,2016-12-19
1493,69,102.16,2016-12-19
1494,132,465.99,2016-12-19
1495,44,95.24,2016-12-20
1496,64,174.32,2016-12-20
1497,69,469.51,2016-12-20
1498,117,329.85,2016-12-20
1499,31,51.56,2016-12-21
1500,66,84.22,2016-12-21
1501,116,88.99,2016-12-21
1502,40,146.10,2016-12-22
1503,103,116.64,2016-12-22
1504,109,431.84,2016-12-22
1505,114,208.26,2016-12-22
1506,132,312.44,2016-12-22
1507,20,102.66,2016-12-23
1508,31,65.20,2016-12-23
1509,32,201.26,2016-12-23
1510,40,124.18,2016-12-23
1511,89,370.13,2016-12-23
1512,109,182.86,2016-12-23
1513,126,389.47,2016-12-23
1514,32,475.67,2016-12-26
1515,38,192.36,2016-12-26
1516,53,305.18,2016-12-26
1517,79,125.77,2016-12-26
1518,79,469.52,2016-12-26
1519,79,482.46,2016-12-26
1520,38,420.47,2016-12-27
1521,44,472.40,2016-12-27
1522,128,80.13,2016-12-27
1523,132,314.01,2016-12-27
1524,136,300.64,2016-12-27
1525,31,340.78,2016-12-28
1526,38,159.07,2016-12-28
1527,103,269.27,2016-12-28
1528,121,370.63,2016-12-28
1529,131,365.91,2016-12-28
1530,138,415.79,2016-12-28
1531,32,105.43,2016-12-29
1532,38,320.25,2016-12-29
1533,44,270.03,2016-12-29
1534,49,393.48,2016-12-29
1535,61,154.29,2016-12-29
1536,89,482.06,2016-12-29
1537,104,317.31,2016-12-29
1538,105,217.30,2016-12-29
1539,121,52.06,2016-12-29
1540,32,486.69,2016-12-30
1541,33,475.27,2016-12-30
1542,40,327.43,2016-12-30
1543,42,304.09,2016-12-30
1544,41,194.13,2017-01-02
1545,47,257.16,2017-01-02
1546,53,300.62,2017-01-02
1547,74,52.29,2017-01-02
1548,116,175.54,2017-01-02
1549,128,189.49,2017-01-02
1550,27,180.66,2017-01-03
1551,34,452.70,2017-01-03
1552,41,236.79,2017-01-03
1553,75,437.84,2017-01-03
1554,79,305.30,2017-01-03
1555,79,198.53,2017-01-03
1556,116,237.20,2017-01-03
1557,131,475.12,2017-01-03
1558,139,364.16,2017-01-03
1559,19,181.24,2017-01-04
1560,19,63.18,2017-01-04
1561,42,487.38,2017-01-04
1562,53,408.52,2017-01-04
1563,71,247.27,2017-01-04
1564,33,386.06,2017-01-05
1565,38,463.89,2017-01-05
1566,38,268.87,2017-01-05
1567,41,161.22,2017-01-05
1568,47,484.83,2017-01-05
1569,61,295.87,2017-01-05
1570,64,147.77,2017-01-05
1571,79,224.61,2017-01-05
1572,139,438.74,2017-01-05
1573,10,493.63,2017-01-06
1574,38,316.75,2017-01-06
1575,40,438.11,2017-01-06
1576,53,271.18,2017-01-06
1577,53,263.74,2017-01-06
1578,56,357.22,2017-01-06
1579,63,115.91,2017-01-06
1580,69,237.79,2017-01-06
1581,126,219.27,2017-01-06
1582,139,400.23,2017-01-06
1583,29,266.78,2017-01-09
1584,40,263.36,2017-01-09
1585,49,339.80,2017-01-09
1586,106,348.64,2017-01-09
1587,116,480.92,2017-01-09
1588,118,70.38,2017-01-09
1589,131,81.49,2017-01-09
1590,138,177.71,2017-01-09
1591,33,78.58,2017-01-10
1592,44,365.74,2017-01-10
1593,53,178.26,2017-01-10
1594,56,424.36,2017-01-10
1595,89,230.51,2017-01-10
1596,31,422.49,2017-01-11
1597,31,119.28,2017-01-11
1598,63,389.41,2017-01-11
1599,95,108.87,2017-01-11
1600,119,465.13,2017-01-11
1601,32,355.06,2017-01-12
1602,40,262.98,2017-01-12
1603,40,381.00,2017-01-12
1604,64,280.79,2017-01-12
1605,75,248.94,2017-01-12
1606,38,465.16,2017-01-13
1607,104,58.99,2017-01-13
1608,116,478.76,2017-01-13
1609,34,118.86,2017-01-16
1610,40,499.41,2017-01-16
1611,71,157.20,2017-01-16
1612,95,425.06,2017-01-16
1613,98,140.37,2017-01-16
1614,126,317.39,2017-01-16
1615,131,248.31,2017-01-16
1616,132,391.49,2017-01-16
1617,132,493.97,2017-01-16
1618,69,127.99,2017-01-17
1619,98,106.09,2017-01-17
1620,34,58.14,2017-01-18
1621,63,263.86,2017-01-18
1622,75,166.58,2017-01-18
1623,104,293.45,2017-01-18
1624,109,356.56,2017-01-18
1625,117,282.29,2017-01-18
1626,7,484.02,2017-01-19
1627,10,198.82,2017-01-19
1628,66,260.59,2017-01-19
1629,118,401.52,2017-01-19
1630,7,499.33,2017-01-20
1631,75,214.79,2017-01-20
1632,89,192.17,2017-01-20
1633,95,173.89,2017-01-20
1634,116,405.96,2017-01-20
1635,117,166.45,2017-01-20
1636,18,252.98,2017-01-23
1637,18,451.72,2017-01-23
1638,19,217.97,2017-01-23
1639,29,461.00,2017-01-23
1640,42,449.52,2017-01-23
1641,47,53.36,2017-01-23
1642,56,312.80,2017-01-23
1643,61,397.01,2017-01-23
1644,61,300.01,2017-01-23
1645,66,217.65,2017-01-23
1646,78,313.57,2017-01-23
1647,106,76.21,2017-01-23
1648,114,319.11,2017-01-23
1649,117,396.31,2017-01-23
1650,33,223.29,2017-01-24
1651,49,137.02,2017-01-24
1652,103,179.35,2017-01-24
1653,121,343.50,2017-01-24
1654,3,145.68,2017-01-25
1655,71,261.23,2017-01-25
1656,116,119.42,2017-01-25
1657,33,132.78,2017-01-26
1658,56,195.12,2017-01-26
1659,63,321.48,2017-01-26
1660,18,455.22,2017-01-27
1661,33,400.23,2017-01-27
1662,66,231.37,2017-01-27
1663,74,190.97,2017-01-27
1664,98,90.00,2017-01-27
1665,116,392.68,2017-01-27
1666,18,471.29,2017-01-30
1667,27,436.21,2017-01-30
1668,33,283.40,2017-01-30
1669,89,304.04,2017-01-30
1670,116,83.89,2017-01-30
1671,63,239.44,2017-01-31
1672,132,192.92,2017-01-31
1673,138,340.38,2017-01-31
1674,31,347.01,2017-02-01
1675,49,335.82,2017-02-01
1676,71,436.88,2017-02-01
1677,116,317.96,2017-02-01
1678,129,297.90,2017-02-01
1679,139,326.87,2017-02-01
1680,10,380.54,2017-02-02
1681,31,103.15,2017-02-02
1682,71,301.53,2017-02-02
1683,75,148.33,2017-02-02
1684,104,211.05,2017-02-02
1685,71,485.97,2017-02-03
1686,74,204.56,2017-02-03
1687,78,469.09,2017-02-03
1688,95,362.51,2017-02-03
1689,104,431.45,2017-02-03
1690,106,111.12,2017-02-03
1691,109,74.99,2017-02-03
1692,136,93.92,2017-02-03
1693,56,53.28,2017-02-06
1694,66,444.37,2017-02-06
1695,89,269.06,2017-02-06
1696,98,354.17,2017-02-06
1697,119,389.40,2017-02-06
1698,128,335.71,2017-02-06
1699,132,287.57,2017-02-06
1700,53,96.39,2017-02-07
1701,114,316.89,2017-02-07
1702,116,490.15,2017-02-07
1703,118,133.34,2017-02-07
1704,10,420.96,2017-02-08
1705,29,86.36,2017-02-08
1706,49,295.76,2017-02-08
1707,69,126.78,2017-02-08
1708,89,245.94,2017-02-08
1709,89,97.95,2017-02-08
1710,118,410.83,2017-02-08
1711,126,169.65,2017-02-08
1712,18,220.19,2017-02-09
1713,79,234.62,2017-02-09
1714,89,73.43,2017-02-09
1715,109,236.06,2017-02-09
1716,117,406.46,2017-02-09
1717,128,409.57,2017-02-09
1718,131,205.68,2017-02-09
1719,69,250.91,2017-02-10
1720,69,322.71,2017-02-10
1721,126,212.96,2017-02-10
1722,29,139.34,2017-02-13
1723,47,245.25,2017-02-13
1724,53,65.20,2017-02-13
1725,56,123.29,2017-02-13
1726,78,361.26,2017-02-13
1727,114,213.28,2017-02-13
1728,128,243.30,2017-02-13
1729,136,100.81,2017-02-13
1730,34,429.64,2017-02-14
1731,44,239.22,2017-02-14
1732,49,313.42,2017-02-14
1733,69,462.69,2017-02-14
1734,71,86.90,2017-02-14
1735,116,234.29,2017-02-14
1736,129,380.38,2017-02-14
1737,139,398.32,2017-02-14
1738,69,146.45,2017-02-15
1739,89,237.72,2017-02-15
1740,95,70.71,2017-02-15
1741,103,461.70,2017-02-15
1742,53,225.65,2017-02-16
1743,69,221.48,2017-02-16
1744,78,112.83,2017-02-16
1745,89,235.65,2017-02-16
1746,105,76.88,2017-02-16
1747,116,288.44,2017-02-16
1748,116,302.00,2017-02-16
1749,27,214.18,2017-02-17
1750,34,182.07,2017-02-17
1751,40,281.06,2017-02-17
1752,40,63.58,2017-02-17
1753,40,58.74,2017-02-17
1754,74,239.63,2017-02-17
1755,79,282.23,2017-02-17
1756,98,350.31,2017-02-17
1757,105,379.54,2017-02-17
1758,131,457.04,2017-02-17
1759,139,205.50,2017-02-17
1760,27,209.37,2017-02-20
1761,29,483.19,2017-02-20
1762,32,372.57,2017-02-20
1763,33,344.79,2017-02-20
1764,79,282.87,2017-02-20
1765,89,311.46,2017-02-20
1766,89,291.07,2017-02-20
1767,104,497.36,2017-02-20
1768,109,305.33,2017-02-20
1769,126,386.60,2017-02-20
1770,131,166.77,2017-02-20
1771,19,260.61,2017-02-21
1772,27,258.15,2017-02-21
1773,33,68.92,2017-02-21
1774,47,435.83,2017-02-21
1775,61,371.89,2017-02-21
1776,64,167.55,2017-02-21
1777,95,75.74,2017-02-21
1778,114,358.19,2017-02-21
1779,118,239.79,2017-02-21
1780,78,446.55,2017-02-22
1781,79,384.83,2017-02-22
1782,103,143.23,2017-02-22
1783,105,61.75,2017-02-22
1784,129,386.81,2017-02-22
1785,132,306.87,2017-02-22
1786,10,241.33,2017-02-23
1787,33,391.50,2017-02-23
1788,34,476.28,2017-02-23
1789,66,315.48,2017-02-23
1790,79,479.93,2017-02-23
1791,104,491.54,2017-02-23
1792,105,156.73,2017-02-23
1793,106,391.32,2017-02-23
1794,128,257.51,2017-02-23
1795,131,388.79,2017-02-23
1796,69,451.05,2017-02-24
1797,116,293.04,2017-02-24
1798,136,290.83,2017-02-24
1799,18,94.67,2017-02-27
1800,20,123.08,2017-02-27
1801,27,437.03,2017-02-27
1802,53,432.26,2017-02-27
1803,79,175.47,2017-02-27
1804,106,432.35,2017-02-27
1805,128,436.97,2017-02-27
1806,131,293.34,2017-02-27
1807,47,115.14,2017-02-28
1808,61,490.11,2017-02-28
1809,78,259.07,2017-02-28
1810,106,259.11,2017-02-28
1811,126,140.23,2017-02-28
1812,139,309.99,2017-02-28
1813,10,355.29,2017-03-01
1814,49,202.65,2017-03-01
1815,49,396.34,2017-03-02
1816,63,497.58,2017-03-02
1817,69,245.99,2017-03-02
1818,104,129.78,2017-03-02
1819,121,342.22,2017-03-02
1820,47,281.96,2017-03-03
1821,61,400.84,2017-03-03
1822,63,293.02,2017-03-03
1823,63,274.82,2017-03-03
1824,69,105.78,2017-03-03
1825,71,335.84,2017-03-03
1826,75,340.21,2017-03-03
1827,128,414.51,2017-03-03
1828,129,52.05,2017-03-03
1829,19,472.59,2017-03-06
1830,27,399.93,2017-03-06
1831,75,180.31,2017-03-06
1832,8,468.24,2017-03-07
1833,18,231.67,2017-03-07
1834,31,176.76,2017-03-07
1835,104,307.65,2017-03-07
1836,109,363.50,2017-03-07
1837,20,397.49,2017-03-08
1838,38,405.77,2017-03-08
1839,41,345.10,2017-03-08
1840,44,332.72,2017-03-08
1841,105,147.35,2017-03-08
1842,114,385.11,2017-03-08
1843,116,126.14,2017-03-08
1844,20,483.93,2017-03-09
1845,64,302.71,2017-03-09
1846,69,403.81,2017-03-09
1847,105,412.95,2017-03-09
1848,106,332.48,2017-03-09
1849,114,202.59,2017-03-09
1850,128,292.45,2017-03-09
1851,132,171.35,2017-03-09
1852,136,78.92,2017-03-09
1853,139,182.79,2017-03-09
1854,3,216.16,2017-03-10
1855,10,74.70,2017-03-10
1856,20,331.77,2017-03-10
1857,32,291.29,2017-03-10
1858,44,339.43,2017-03-10
1859,114,128.40,2017-03-10
1860,118,471.44,2017-03-10
1861,126,263.10,2017-03-10
1862,126,274.57,2017-03-10
1863,128,471.26,2017-03-10
1864,131,358.66,2017-03-10
1865,8,146.90,2017-03-13
1866,75,339.24,2017-03-13
1867,78,153.55,2017-03-13
1868,118,56.52,2017-03-13
1869,121,109.24,2017-03-13
1870,33,160.82,2017-03-14
1871,89,51.50,2017-03-14
1872,117,148.20,2017-03-14
1873,126,318.08,2017-03-14
1874,126,99.09,2017-03-14
1875,128,420.07,2017-03-14
1876,10,488.91,2017-03-15
1877,20,272.54,2017-03-15
1878,31,175.90,2017-03-15
1879,63,198.06,2017-03-15
1880,75,188.98,2017-03-15
1881,78,249.15,2017-03-15
1882,89,127.10,2017-03-15
1883,10,310.46,2017-03-16
1884,27,214.29,2017-03-16
1885,34,333.30,2017-03-16
1886,40,59.77,2017-03-16
1887,44,214.17,2017-03-16
1888,47,138.01,2017-03-16
1889,126,101.93,2017-03-16
1890,139,89.18,2017-03-16
1891,139,331.40,2017-03-16
1892,41,158.98,2017-03-17
1893,53,371.19,2017-03-17
1894,69,97.00,2017-03-17
1895,105,75.98,2017-03-17
1896,106,468.72,2017-03-17
1897,121,312.73,2017-03-17
1898,126,142.42,2017-03-17
1899,10,87.81,2017-03-20
1900,27,419.50,2017-03-20
1901,31,173.28,2017-03-20
1902,44,286.03,2017-03-20
1903,116,347.44,2017-03-20
1904,40,245.26,2017-03-21
1905,64,247.18,2017-03-21
1906,66,55.36,2017-03-21
1907,116,215.80,2017-03-21
1908,121,364.95,2017-03-21
1909,126,186.03,2017-03-21
1910,136,271.02,2017-03-21
1911,10,210.91,2017-03-22
1912,32,373.08,2017-03-22
1913,40,84.37,2017-03-22
1914,95,333.84,2017-03-22
1915,103,374.84,2017-03-22
1916,131,499.55,2017-03-22
1917,10,232.19,2017-03-23
1918,29,75.21,2017-03-23
1919,47,90.35,2017-03-23
1920,69,421.98,2017-03-23
1921,105,269.33,2017-03-23
1922,118,226.25,2017-03-23
1923,138,70.69,2017-03-23
1924,138,409.03,2017-03-23
1925,44,242.42,2017-03-24
1926,66,401.85,2017-03-24
1927,69,107.71,2017-03-24
1928,69,305.44,2017-03-24
1929,98,269.01,2017-03-24
1930,118,56.94,2017-03-24
1931,10,145.87,2017-03-27
1932,71,479.98,2017-03-27
1933,78,456.48,2017-03-27
1934,98,50.77,2017-03-27
1935,20,394.36,2017-03-28
1936,29,275.56,2017-03-28
1937,34,109.90,2017-03-28
1938,44,145.04,2017-03-28
1939,61,494.91,2017-03-28
1940,105,189.36,2017-03-28
1941,106,490.22,2017-03-28
1942,114,103.10,2017-03-28
1943,118,462.43,2017-03-28
1944,121,398.47,2017-03-28
1945,131,99.55,2017-03-28
1946,138,91.49,2017-03-28
1947,138,428.61,2017-03-28
1948,8,342.18,2017-03-29
1949,79,55.72,2017-03-29
1950,95,231.57,2017-03-29
1951,117,314.96,2017-03-29
1952,27,442.07,2017-03-30
1953,38,241.78,2017-03-30
1954,105,464.31,2017-03-30
1955,114,479.34,2017-03-30
1956,121,314.01,2017-03-30
1957,129,326.62,2017-03-30
1958,18,245.77,2017-03-31
1959,128,458.02,2017-03-31
1960,129,99.67,2017-03-31
1961,136,115.25,2017-03-31
1962,137,340.37,2017-03-31
1963,41,265.30,2017-04-03
1964,98,480.49,2017-04-03
1965,114,355.19,2017-04-03
1966,128,380.87,2017-04-03
1967,31,337.54,2017-04-04
1968,34,184.75,2017-04-04
1969,61,161.27,2017-04-04
1970,119,465.58,2017-04-04
1971,126,290.43,2017-04-04
1972,3,277.36,2017-04-05
1973,8,183.64,2017-04-05
1974,40,133.79,2017-04-05
1975,109,495.98,2017-04-05
1976,118,268.60,2017-04-05
1977,7,365.26,2017-04-06
1978,31,138.08,2017-04-06
1979,71,432.18,2017-04-06
1980,95,463.73,2017-04-06
1981,106,465.38,2017-04-06
1982,18,85.62,2017-04-07
1983,34,461.06,2017-04-07
1984,34,453.66,2017-04-07
1985,34,181.07,2017-04-07
1986,44,444.57,2017-04-07
1987,53,474.26,2017-04-07
1988,69,71.57,2017-04-07
1989,78,476.01,2017-04-07
1990,104,143.05,2017-04-07
1991,106,376.35,2017-04-07
1992,116,66.97,2017-04-07
1993,121,383.67,2017-04-07
1994,34,87.25,2017-04-10
1995,38,199.16,2017-04-10
1996,56,291.15,2017-04-10
1997,63,188.88,2017-04-10
1998,131,105.64,2017-04-10
1999,3,151.36,2017-04-11
2000,29,242.24,2017-04-11
2001,29,343.03,2017-04-11
2002,34,85.34,2017-04-11
2003,69,94.57,2017-04-11
2004,74,457.02,2017-04-11
2005,121,375.09,2017-04-11
2006,136,170.49,2017-04-11
2007,69,140.68,2017-04-12
2008,78,338.30,2017-04-12
2009,79,330.71,2017-04-12
2010,116,223.73,2017-04-12
2011,7,287.12,2017-04-13
2012,20,262.06,2017-04-13
2013,78,352.55,2017-04-13
2014,79,416.23,2017-04-13
2015,116,263.69,2017-04-13
2016,116,442.66,2017-04-13
2017,121,471.01,2017-04-13
2018,41,68.01,2017-04-14
2019,44,375.04,2017-04-14
2020,105,321.25,2017-04-14
2021,106,369.88,2017-04-14
2022,109,150.57,2017-04-14
2023,114,398.95,2017-04-14
2024,116,454.45,2017-04-14
2025,128,449.07,2017-04-14
2026,138,477.77,2017-04-14
2027,40,70.43,2017-04-17
2028,61,146.47,2017-04-17
2029,64,410.29,2017-04-17
2030,66,433.55,2017-04-17
2031,79,452.25,2017-04-17
2032,109,400.79,2017-04-17
2033,31,333.60,2017-04-18
2034,40,252.34,2017-04-18
2035,63,111.45,2017-04-18
2036,139,290.06,2017-04-18
2037,38,198.86,2017-04-19
2038,78,479.80,2017-04-19
2039,98,256.67,2017-04-19
2040,105,213.29,2017-04-19
2041,118,258.66,2017-04-19
2042,121,471.46,2017-04-19
2043,138,460.12,2017-04-19
2044,69,145.61,2017-04-20
2045,79,208.72,2017-04-20
2046,117,249.08,2017-04-20
2047,41,447.36,2017-04-21
2048,53,309.17,2017-04-21
2049,117,393.74,2017-04-21
2050,126,364.37,2017-04-21
2051,42,223.43,2017-04-24
2052,44,300.60,2017-04-24
2053,79,394.24,2017-04-24
2054,114,473.71,2017-04-24
2055,114,242.19,2017-04-24
2056,116,474.67,2017-04-24
2057,71,394.21,2017-04-25
2058,131,172.71,2017-04-25
2059,136,366.54,2017-04-25
2060,10,291.89,2017-04-26
2061,10,116.39,2017-04-26
2062,19,153.50,2017-04-26
2063,38,354.77,2017-04-26
2064,41,285.17,2017-04-26
2065,41,109.73,2017-04-26
2066,128,143.28,2017-04-26
2067,132,386.58,2017-04-26
2068,41,434.02,2017-04-27
2069,61,455.95,2017-04-27
2070,78,242.93,2017-04-27
2071,118,356.87,2017-04-27
2072,126,234.16,2017-04-27
2073,138,228.42,2017-04-27
2074,10,302.49,2017-04-28
2075,27,280.08,2017-04-28
2076,47,53.47,2017-04-28
2077,69,135.79,2017-04-28
2078,119,228.56,2017-04-28
2079,129,103.73,2017-04-28
2080,136,92.54,2017-04-28
2081,31,322.47,2017-05-01
2082,34,413.54,2017-05-01
2083,34,103.43,2017-05-01
2084,53,172.42,2017-05-01
2085,103,118.01,2017-05-01
2086,31,319.95,2017-05-02
2087,31,324.45,2017-05-02
2088,33,247.18,2017-05-02
2089,40,266.56,2017-05-02
2090,42,201.44,2017-05-02
2091,42,198.10,2017-05-02
2092,132,314.65,2017-05-02
2093,132,461.36,2017-05-02
2094,138,290.81,2017-05-02
2095,10,203.37,2017-05-03
2096,33,236.43,2017-05-03
2097,63,237.97,2017-05-03
2098,64,299.40,2017-05-03
2099,75,229.20,2017-05-03
2100,116,332.59,2017-05-03
2101,117,50.47,2017-05-03
2102,128,87.31,2017-05-03
2103,18,441.34,2017-05-04
2104,29,481.18,2017-05-04
2105,121,161.65,2017-05-04
2106,129,132.21,2017-05-04
2107,8,383.34,2017-05-05
2108,34,283.65,2017-05-05
2109,38,367.83,2017-05-05
2110,53,230.42,2017-05-05
2111,66,164.64,2017-05-05
2112,78,454.46,2017-05-05
2113,116,50.97,2017-05-05
2114,32,332.14,2017-05-08
2115,47,357.30,2017-05-08
2116,109,156.74,2017-05-08
2117,114,330.91,2017-05-08
2118,121,202.86,2017-05-08
2119,41,238.60,2017-05-09
2120,49,459.38,2017-05-09
2121,89,406.11,2017-05-09
2122,129,316.44,2017-05-09
2123,20,134.23,2017-05-10
2124,38,109.29,2017-05-10
2125,38,81.79,2017-05-10
2126,66,382.02,2017-05-10
2127,78,142.03,2017-05-10
2128,103,94.49,2017-05-10
2129,104,317.42,2017-05-10
2130,119,265.35,2017-05-10
2131,126,312.31,2017-05-10
2132,29,50.44,2017-05-11
2133,64,249.22,2017-05-11
2134,71,280.97,2017-05-11
2135,105,420.34,2017-05-11
2136,29,318.39,2017-05-12
2137,33,106.88,2017-05-12
2138,44,197.42,2017-05-12
2139,56,110.52,2017-05-12
2140,75,442.17,2017-05-12
2141,103,356.64,2017-05-12
2142,109,98.15,2017-05-12
2143,118,497.29,2017-05-12
2144,129,308.09,2017-05-12
2145,34,356.81,2017-05-15
2146,64,370.12,2017-05-15
2147,114,433.41,2017-05-15
2148,116,183.96,2017-05-15
2149,10,470.45,2017-05-16
2150,74,388.45,2017-05-16
2151,89,147.86,2017-05-16
2152,104,328.21,2017-05-16
2153,8,472.21,2017-05-17
2154,33,121.41,2017-05-17
2155,40,54.08,2017-05-17
2156,75,155.05,2017-05-17
2157,103,180.39,2017-05-17
2158,106,421.84,2017-05-17
2159,129,317.15,2017-05-17
2160,8,332.59,2017-05-18
2161,41,303.90,2017-05-18
2162,53,364.88,2017-05-18
2163,71,494.92,2017-05-18
2164,78,359.93,2017-05-18
2165,109,343.72,2017-05-18
2166,138,71.97,2017-05-18
2167,44,286.96,2017-05-19
2168,63,137.21,2017-05-19
2169,79,368.01,2017-05-19
2170,105,293.98,2017-05-19
2171,138,448.43,2017-05-19
2172,53,480.67,2017-05-22
2173,61,135.35,2017-05-22
2174,114,257.76,2017-05-22
2175,128,372.45,2017-05-22
2176,38,455.32,2017-05-23
2177,41,370.47,2017-05-23
2178,79,50.16,2017-05-23
2179,121,146.88,2017-05-23
2180,126,461.46,2017-05-23
2181,18,120.98,2017-05-24
2182,44,237.43,2017-05-24
2183,53,308.32,2017-05-24
2184,66,419.74,2017-05-24
2185,95,105.00,2017-05-24
2186,117,73.99,2017-05-24
2187,78,121.00,2017-05-25
2188,105,499.29,2017-05-25
2189,105,457.41,2017-05-25
2190,114,393.69,2017-05-25
2191,8,363.95,2017-05-26
2192,56,220.31,2017-05-26
2193,74,170.81,2017-05-26
2194,128,335.61,2017-05-26
2195,139,425.80,2017-05-26
2196,3,368.20,2017-05-29
2197,20,226.56,2017-05-29
2198,53,284.76,2017-05-29
2199,98,63.50,2017-05-29
2200,128,117.36,2017-05-29
2201,132,141.28,2017-05-29
2202,34,420.80,2017-05-30
2203,53,148.46,2017-05-30
2204,66,263.04,2017-05-30
2205,69,166.30,2017-05-30
2206,89,184.31,2017-05-30
2207,106,127.22,2017-05-30
2208,116,478.43,2017-05-30
2209,7,120.30,2017-05-31
2210,33,226.79,2017-05-31
2211,66,100.70,2017-05-31
2212,117,81.19,2017-05-31
2213,47,137.95,2017-06-01
2214,49,267.12,2017-06-01
2215,56,376.83,2017-06-01
2216,71,267.90,2017-06-01
2217,106,412.55,2017-06-01
2218,116,473.97,2017-06-01
2219,49,272.43,2017-06-02
2220,79,326.05,2017-06-02
2221,121,332.97,2017-06-02
2222,44,229.16,2017-06-05
2223,53,319.68,2017-06-05
2224,89,153.22,2017-06-05
2225,136,308.47,2017-06-05
2226,61,100.76,2017-06-06
2227,114,288.38,2017-06-06
2228,131,459.78,2017-06-06
2229,44,170.49,2017-06-07
2230,53,262.07,2017-06-07
2231,114,332.18,2017-06-07
2232,103,437.98,2017-06-08
2233,126,274.18,2017-06-08
2234,131,382.17,2017-06-08
2235,31,378.59,2017-06-09
2236,32,149.26,2017-06-09
2237,89,369.63,2017-06-09
2238,104,112.11,2017-06-09
2239,105,286.89,2017-06-09
2240,116,492.00,2017-06-09
2241,116,334.46,2017-06-09
2242,139,402.79,2017-06-09
2243,34,79.84,2017-06-12
2244,79,363.98,2017-06-12
2245,116,144.81,2017-06-12
2246,117,257.69,2017-06-12
2247,132,271.23,2017-06-12
2248,29,383.45,2017-06-13
2249,106,410.04,2017-06-13
2250,114,52.80,2017-06-13
2251,121,406.91,2017-06-13
2252,121,65.17,2017-06-13
2253,138,490.94,2017-06-13
2254,18,334.01,2017-06-14
2255,27,134.34,2017-06-14
2256,34,477.95,2017-06-14
2257,38,415.41,2017-06-14
2258,44,140.79,2017-06-14
2259,53,460.15,2017-06-14
2260,56,341.79,2017-06-14
2261,61,335.71,2017-06-14
2262,109,78.69,2017-06-14
2263,118,414.99,2017-06-14
2264,128,119.66,2017-06-14
2265,40,299.80,2017-06-15
2266,42,158.57,2017-06-15
2267,53,490.34,2017-06-15
2268,64,175.82,2017-06-15
2269,105,499.90,2017-06-15
2270,29,199.21,2017-06-16
2271,75,154.98,2017-06-16
2272,116,258.77,2017-06-16
2273,18,278.21,2017-06-19
2274,18,347.04,2017-06-19
2275,20,401.68,2017-06-19
2276,40,239.98,2017-06-19
2277,103,56.95,2017-06-19
2278,78,177.29,2017-06-20
2279,89,297.23,2017-06-20
2280,98,410.67,2017-06-20
2281,114,135.70,2017-06-20
2282,116,120.05,2017-06-20
2283,128,441.23,2017-06-20
2284,18,50.16,2017-06-21
2285,34,351.19,2017-06-21
2286,66,368.20,2017-06-21
2287,79,420.13,2017-06-21
2288,117,104.62,2017-06-21
2289,117,213.99,2017-06-21
2290,138,258.64,2017-06-21
2291,64,337.60,2017-06-22
2292,98,115.19,2017-06-22
2293,44,194.64,2017-06-23
2294,64,440.08,2017-06-23
2295,104,125.85,2017-06-23
2296,131,63.71,2017-06-23
2297,139,263.63,2017-06-23
2298,40,89.40,2017-06-26
2299,78,216.16,2017-06-26
2300,118,195.09,2017-06-26
2301,131,71.79,2017-06-26
2302,20,468.12,2017-06-27
2303,61,112.62,2017-06-27
2304,63,294.94,2017-06-27
2305,66,317.32,2017-06-27
2306,105,250.01,2017-06-27
2307,116,139.52,2017-06-27
2308,139,163.92,2017-06-27
2309,10,336.12,2017-06-28
2310,19,133.35,2017-06-28
2311,33,104.98,2017-06-28
2312,38,145.03,2017-06-28
2313,53,108.70,2017-06-28
2314,63,217.25,2017-06-28
2315,78,376.25,2017-06-28
2316,31,493.37,2017-06-29
2317,41,333.31,2017-06-29
2318,41,99.24,2017-06-29
2319,42,486.78,2017-06-29
2320,47,89.15,2017-06-29
2321,61,438.16,2017-06-29
2322,63,363.30,2017-06-29
2323,89,390.58,2017-06-29
2324,98,120.14,2017-06-29
2325,33,364.72,2017-06-30
2326,109,86.27,2017-06-30
2327,20,255.69,2017-07-03
2328,41,114.25,2017-07-03
2329,89,272.06,2017-07-03
2330,104,251.82,2017-07-03
2331,104,141.37,2017-07-03
2332,131,403.18,2017-07-03
2333,19,218.21,2017-07-04
2334,69,475.10,2017-07-04
2335,105,318.90,2017-07-04
2336,136,207.24,2017-07-04
2337,3,450.65,2017-07-05
2338,42,436.25,2017-07-05
2339,42,210.06,2017-07-05
2340,79,189.11,2017-07-05
2341,89,257.26,2017-07-05
2342,104,366.71,2017-07-05
2343,105,302.91,2017-07-05
2344,105,313.13,2017-07-05
2345,121,359.33,2017-07-05
2346,126,332.96,2017-07-05
2347,128,389.47,2017-07-05
2348,136,146.81,2017-07-05
2349,20,379.52,2017-07-06
2350,27,265.56,2017-07-06
2351,69,102.50,2017-07-06
2352,78,315.66,2017-07-06
2353,79,446.61,2017-07-06
2354,98,229.16,2017-07-06
2355,106,447.03,2017-07-06
2356,128,131.43,2017-07-06
2357,128,118.96,2017-07-06
2358,129,266.23,2017-07-06
2359,138,129.38,2017-07-06
2360,47,399.02,2017-07-07
2361,47,180.99,2017-07-07
2362,56,149.87,2017-07-07
2363,139,216.42,2017-07-07
2364,75,250.55,2017-07-10
2365,89,309.35,2017-07-10
2366,95,89.97,2017-07-10
2367,118,295.41,2017-07-10
2368,131,147.66,2017-07-10
2369,10,172.43,2017-07-11
2370,38,51.41,2017-07-11
2371,40,329.38,2017-07-11
2372,41,400.27,2017-07-11
2373,47,483.44,2017-07-11
2374,47,431.00,2017-07-11
2375,69,84.78,2017-07-11
2376,69,407.90,2017-07-11
2377,109,92.59,2017-07-11
2378,128,478.61,2017-07-11
2379,132,346.83,2017-07-11
2380,27,380.50,2017-07-12
2381,38,94.78,2017-07-12
2382,41,464.40,2017-07-12
2383,42,244.26,2017-07-12
2384,56,276.58,2017-07-12
2385,61,357.59,2017-07-12
2386,71,458.91,2017-07-12
2387,114,262.86,2017-07-12
2388,7,487.88,2017-07-13
2389,18,216.23,2017-07-13
2390,32,241.55,2017-07-13
2391,34,239.47,2017-07-13
2392,128,249.35,2017-07-13
2393,8,311.48,2017-07-14
2394,38,394.97,2017-07-14
2395,64,203.59,2017-07-14
2396,103,305.34,2017-07-14
2397,109,351.91,2017-07-14
2398,117,200.76,2017-07-14
2399,119,463.10,2017-07-14
2400,132,471.70,2017-07-14
2401,3,163.97,2017-07-17
2402,20,258.99,2017-07-17
2403,40,154.90,2017-07-17
2404,41,123.11,2017-07-17
2405,66,426.53,2017-07-17
2406,71,351.37,2017-07-17
2407,78,411.98,2017-07-17
2408,79,58.71,2017-07-17
2409,136,476.29,2017-07-17
2410,103,54.42,2017-07-18
2411,116,488.05,2017-07-18
2412,131,478.25,2017-07-18
2413,136,249.35,2017-07-18
2414,138,69.70,2017-07-18
2415,19,424.17,2017-07-19
2416,34,369.34,2017-07-19
2417,47,349.16,2017-07-19
2418,69,473.21,2017-07-19
2419,131,443.32,2017-07-19
2420,139,82.38,2017-07-19
2421,42,347.18,2017-07-20
2422,44,385.74,2017-07-20
2423,47,51.63,2017-07-20
2424,56,238.33,2017-07-20
2425,89,261.61,2017-07-20
2426,132,359.85,2017-07-20
2427,32,367.85,2017-07-21
2428,33,470.94,2017-07-21
2429,38,313.33,2017-07-21
2430,38,323.60,2017-07-21
2431,61,192.35,2017-07-21
2432,66,473.93,2017-07-21
2433,74,173.80,2017-07-21
2434,106,293.73,2017-07-21
2435,109,192.89,2017-07-21
2436,136,128.60,2017-07-21
2437,34,96.83,2017-07-24
2438,40,425.73,2017-07-24
2439,49,319.21,2017-07-24
2440,49,113.32,2017-07-24
2441,69,373.24,2017-07-24
2442,128,298.63,2017-07-24
2443,138,153.98,2017-07-24
2444,19,424.25,2017-07-25
2445,63,436.08,2017-07-25
2446,75,418.37,2017-07-25
2447,78,303.67,2017-07-25
2448,109,433.68,2017-07-25
2449,38,326.28,2017-07-26
2450,41,135.83,2017-07-26
2451,56,221.07,2017-07-26
2452,103,333.48,2017-07-26
2453,121,65.07,2017-07-26
2454,128,220.56,2017-07-26
2455,63,110.93,2017-07-27
2456,117,383.57,2017-07-27
2457,31,336.85,2017-07-28
2458,41,182.48,2017-07-28
2459,49,258.18,2017-07-28
2460,56,181.66,2017-07-28
2461,64,250.10,2017-07-28
2462,74,128.15,2017-07-28
2463,89,96.12,2017-07-28
2464,98,60.53,2017-07-28
2465,119,198.66,2017-07-28
2466,121,361.75,2017-07-28
2467,131,192.42,2017-07-28
2468,132,272.75,2017-07-28
2469,29,68.92,2017-07-31
2470,31,466.63,2017-07-31
2471,69,495.53,2017-07-31
2472,71,449.67,2017-07-31
2473,20,305.17,2017-08-01
2474,41,125.33,2017-08-01
2475,49,442.03,2017-08-01
2476,71,494.89,2017-08-01
2477,98,115.78,2017-08-01
2478,129,115.51,2017-08-01
2479,138,291.33,2017-08-01
2480,41,252.32,2017-08-02
2481,109,119.06,2017-08-02
2482,128,393.99,2017-08-02
2483,131,246.52,2017-08-02
2484,136,193.07,2017-08-02
2485,31,74.48,2017-08-03
2486,33,125.35,2017-08-03
2487,44,439.32,2017-08-03
2488,47,75.43,2017-08-03
2489,47,386.47,2017-08-03
2490,75,222.63,2017-08-03
2491,104,218.65,2017-08-03
2492,106,406.86,2017-08-03
2493,119,272.93,2017-08-03
2494,121,196.35,2017-08-03
2495,138,494.83,2017-08-03
2496,40,445.33,2017-08-04
2497,79,285.81,2017-08-04
2498,105,296.67,2017-08-04
2499,105,91.81,2017-08-04
2500,105,456.09,2017-08-04
2501,121,338.95,2017-08-04
2502,132,97.95,2017-08-04
2503,8,293.89,2017-08-07
2504,27,299.74,2017-08-07
2505,44,72.67,2017-08-07
2506,79,114.59,2017-08-07
2507,121,142.51,2017-08-07
2508,32,61.29,2017-08-08
2509,66,145.65,2017-08-08
2510,71,481.90,2017-08-08
2511,75,409.74,2017-08-08
2512,103,219.68,2017-08-08
2513,104,307.45,2017-08-08
2514,106,199.44,2017-08-08
2515,129,433.01,2017-08-08
2516,8,106.04,2017-08-09
2517,18,129.24,2017-08-09
2518,139,447.99,2017-08-09
2519,33,140.13,2017-08-10
2520,40,120.02,2017-08-10
2521,40,130.83,2017-08-10
2522,44,396.13,2017-08-10
2523,53,226.01,2017-08-10
2524,61,75.97,2017-08-10
2525,64,385.76,2017-08-10
2526,118,108.85,2017-08-10
2527,131,101.62,2017-08-10
2528,136,382.66,2017-08-10
2529,38,179.03,2017-08-11
2530,44,350.32,2017-08-11
2531,33,137.11,2017-08-14
2532,49,229.94,2017-08-14
2533,71,139.89,2017-08-14
2534,128,341.02,2017-08-14
2535,3,412.19,2017-08-15
2536,56,194.17,2017-08-15
2537,128,442.45,2017-08-15
2538,131,392.95,2017-08-15
2539,8,473.21,2017-08-16
2540,69,144.28,2017-08-16
2541,75,217.73,2017-08-16
2542,104,447.20,2017-08-16
2543,126,169.85,2017-08-16
2544,131,83.48,2017-08-16
2545,98,334.43,2017-08-17
2546,103,376.82,2017-08-17
2547,116,485.67,2017-08-17
2548,121,399.77,2017-08-17
2549,10,302.69,2017-08-18
2550,27,202.59,2017-08-18
2551,104,243.02,2017-08-18
2552,106,90.91,2017-08-18
2553,117,459.47,2017-08-18
2554,128,477.20,2017-08-18
2555,10,438.23,2017-08-21
2556,33,84.10,2017-08-21
2557,34,483.72,2017-08-21
2558,40,52.81,2017-08-21
2559,47,53.74,2017-08-21
2560,104,60.53,2017-08-21
2561,31,115.57,2017-08-22
2562,38,334.50,2017-08-22
2563,78,61.16,2017-08-22
2564,136,273.50,2017-08-22
2565,44,284.64,2017-08-23
2566,49,489.74,2017-08-23
2567,131,218.85,2017-08-23
2568,31,143.95,2017-08-24
2569,49,268.68,2017-08-24
2570,69,65.48,2017-08-24
2571,74,272.12,2017-08-24
2572,75,187.47,2017-08-24
2573,95,228.66,2017-08-24
2574,138,324.82,2017-08-24
2575,10,386.86,2017-08-25
2576,32,267.79,2017-08-25
2577,34,224.54,2017-08-25
2578,40,72.65,2017-08-25
2579,63,438.89,2017-08-25
2580,69,462.48,2017-08-25
2581,71,462.89,2017-08-25
2582,98,498.91,2017-08-25
2583,116,176.79,2017-08-25
2584,119,300.23,2017-08-25
2585,27,85.45,2017-08-28
2586,49,495.52,2017-08-28
2587,78,214.26,2017-08-28
2588,103,136.38,2017-08-28
2589,121,129.67,2017-08-28
2590,138,320.10,2017-08-28
2591,19,488.43,2017-08-29
2592,33,228.45,2017-08-29
2593,38,82.81,2017-08-29
2594,131,304.25,2017-08-29
2595,138,55.09,2017-08-29
2596,8,135.52,2017-08-30
2597,31,127.09,2017-08-30
2598,31,417.33,2017-08-30
2599,38,497.91,2017-08-30
2600,41,302.85,2017-08-30
2601,89,289.83,2017-08-30
2602,131,239.42,2017-08-30
2603,132,121.17,2017-08-30
2604,61,187.84,2017-08-31
2605,116,68.91,2017-08-31
2606,131,348.41,2017-08-31
2607,131,345.03,2017-08-31
2608,132,351.76,2017-08-31
2609,27,115.64,2017-09-01
2610,41,136.82,2017-09-01
2611,69,299.37,2017-09-01
2612,98,142.57,2017-09-01
2613,98,119.12,2017-09-01
2614,105,472.94,2017-09-01
2615,119,187.51,2017-09-01
2616,132,472.86,2017-09-01
2617,38,284.72,2017-09-04
2618,42,57.79,2017-09-04
2619,114,322.09,2017-09-04
2620,117,455.17,2017-09-04
2621,3,170.45,2017-09-05
2622,69,435.66,2017-09-05
2623,74,231.63,2017-09-05
2624,121,279.15,2017-09-05
2625,139,94.21,2017-09-05
2626,66,321.75,2017-09-06
2627,95,284.41,2017-09-06
2628,136,199.24,2017-09-06
2629,138,478.98,2017-09-06
2630,29,130.10,2017-09-07
2631,34,396.57,2017-09-07
2632,40,172.22,2017-09-07
2633,53,201.16,2017-09-07
2634,56,285.93,2017-09-07
2635,66,57.97,2017-09-07
2636,78,81.90,2017-09-07
2637,79,357.94,2017-09-07
2638,114,496.11,2017-09-07
2639,118,369.08,2017-09-07
2640,20,438.68,2017-09-08
2641,38,413.13,2017-09-08
2642,40,478.57,2017-09-08
2643,138,54.21,2017-09-08
2644,138,92.91,2017-09-08
2645,31,274.99,2017-09-11
2646,71,224.72,2017-09-11
2647,74,469.62,2017-09-11
2648,106,159.18,2017-09-11
2649,117,156.03,2017-09-11
2650,129,305.41,2017-09-11
2651,7,235.58,2017-09-12
2652,61,205.37,2017-09-12
2653,74,167.61,2017-09-12
2654,117,262.39,2017-09-12
2655,118,467.78,2017-09-12
2656,61,116.16,2017-09-13
2657,66,174.31,2017-09-13
2658,89,391.30,2017-09-13
2659,106,211.53,2017-09-13
2660,116,401.40,2017-09-13
2661,129,133.73,2017-09-13
2662,27,284.04,2017-09-14
2663,53,189.60,2017-09-14
2664,61,80.99,2017-09-14
2665,74,81.73,2017-09-14
2666,103,410.76,2017-09-14
2667,104,216.81,2017-09-14
2668,105,449.40,2017-09-14
2669,114,264.00,2017-09-14
2670,116,51.86,2017-09-14
2671,38,287.55,2017-09-15
2672,53,199.97,2017-09-15
2673,95,437.04,2017-09-15
2674,132,256.82,2017-09-15
2675,136,328.14,2017-09-15
2676,139,247.63,2017-09-15
2677,10,455.02,2017-09-18
2678,38,161.33,2017-09-18
2679,42,347.85,2017-09-18
2680,66,499.43,2017-09-18
2681,66,257.85,2017-09-18
2682,74,238.95,2017-09-18
2683,104,151.63,2017-09-18
2684,117,328.20,2017-09-18
2685,139,178.00,2017-09-18
2686,42,454.80,2017-09-19
2687,44,157.81,2017-09-19
2688,105,387.98,2017-09-19
2689,117,430.14,2017-09-19
2690,132,89.78,2017-09-19
2691,32,396.07,2017-09-20
2692,42,414.08,2017-09-20
2693,78,365.33,2017-09-20
2694,8,292.28,2017-09-21
2695,18,432.03,2017-09-21
2696,20,54.43,2017-09-21
2697,61,315.41,2017-09-21
2698,69,263.91,2017-09-21
2699,69,295.56,2017-09-21
2700,117,321.30,2017-09-21
2701,118,444.84,2017-09-21
2702,18,437.27,2017-09-22
2703,116,86.24,2017-09-22
2704,128,236.17,2017-09-22
2705,136,497.83,2017-09-22
2706,33,298.16,2017-09-25
2707,34,368.56,2017-09-25
2708,38,197.29,2017-09-25
2709,8,387.04,2017-09-26
2710,10,88.45,2017-09-26
2711,20,95.86,2017-09-26
2712,38,441.90,2017-09-26
2713,49,425.01,2017-09-26
2714,98,208.39,2017-09-26
2715,118,246.30,2017-09-26
2716,132,326.20,2017-09-26
2717,27,304.51,2017-09-27
2718,32,277.49,2017-09-27
2719,44,348.65,2017-09-27
2720,49,151.61,2017-09-27
2721,64,466.67,2017-09-27
2722,75,389.99,2017-09-27
2723,89,395.71,2017-09-27
2724,103,436.19,2017-09-27
2725,116,56.25,2017-09-27
2726,8,91.95,2017-09-28
2727,47,239.09,2017-09-28
2728,53,61.88,2017-09-28
2729,131,340.71,2017-09-28
2730,137,81.10,2017-09-28
2731,139,365.41,2017-09-28
2732,18,433.04,2017-09-29
2733,41,474.89,2017-09-29
2734,64,305.28,2017-09-29
2735,78,317.88,2017-09-29
2736,114,376.73,2017-09-29
2737,117,264.09,2017-09-29
2738,128,120.22,2017-09-29
2739,136,216.25,2017-09-29
2740,18,85.06,2017-10-02
2741,31,254.40,2017-10-02
2742,69,449.46,2017-10-02
2743,71,225.24,2017-10-02
2744,95,424.02,2017-10-02
2745,98,485.62,2017-10-02
2746,105,175.88,2017-10-02
2747,109,447.16,2017-10-02
2748,126,139.12,2017-10-02
2749,129,258.75,2017-10-02
2750,132,299.56,2017-10-02
2751,3,255.97,2017-10-03
2752,66,94.78,2017-10-03
2753,75,353.05,2017-10-03
2754,126,155.60,2017-10-03
2755,129,105.54,2017-10-03
2756,139,193.62,2017-10-03
2757,31,170.76,2017-10-04
2758,32,96.64,2017-10-04
2759,75,94.13,2017-10-04
2760,78,386.54,2017-10-04
2761,126,151.48,2017-10-04
2762,131,348.05,2017-10-04
2763,31,348.77,2017-10-05
2764,69,314.64,2017-10-05
2765,69,153.38,2017-10-05
2766,75,78.00,2017-10-05
2767,79,373.34,2017-10-05
2768,3,349.51,2017-10-06
2769,56,440.76,2017-10-06
2770,98,149.13,2017-10-06
2771,105,422.33,2017-10-06
2772,132,208.74,2017-10-06
2773,10,281.56,2017-10-09
2774,29,55.70,2017-10-09
2775,56,493.80,2017-10-09
2776,78,480.62,2017-10-09
2777,106,461.68,2017-10-09
2778,138,297.46,2017-10-09
2779,8,157.98,2017-10-10
2780,69,300.44,2017-10-10
2781,119,344.70,2017-10-10
2782,136,169.24,2017-10-10
2783,139,61.31,2017-10-10
2784,40,459.00,2017-10-11
2785,47,217.69,2017-10-11
2786,66,282.81,2017-10-11
2787,78,205.88,2017-10-11
2788,104,486.72,2017-10-11
2789,109,133.13,2017-10-11
2790,20,386.39,2017-10-12
2791,40,410.47,2017-10-12
2792,74,497.70,2017-10-12
2793,79,363.98,2017-10-12
2794,104,233.62,2017-10-12
2795,114,254.11,2017-10-12
2796,129,381.67,2017-10-12
2797,33,383.10,2017-10-13
2798,49,157.05,2017-10-13
2799,75,68.75,2017-10-13
2800,117,414.02,2017-10-13
2801,126,157.25,2017-10-13
2802,106,327.18,2017-10-16
2803,20,338.39,2017-10-17
2804,20,486.18,2017-10-17
2805,49,265.90,2017-10-17
2806,53,275.56,2017-10-17
2807,53,439.66,2017-10-17
2808,56,451.72,2017-10-17
2809,61,165.86,2017-10-17
2810,74,343.71,2017-10-17
2811,7,191.80,2017-10-18
2812,103,70.96,2017-10-18
2813,103,372.74,2017-10-18
2814,104,369.39,2017-10-18
2815,118,340.38,2017-10-18
2816,132,280.87,2017-10-18
2817,3,488.17,2017-10-19
2818,10,437.69,2017-10-19
2819,34,295.47,2017-10-19
2820,38,213.41,2017-10-19
2821,56,329.51,2017-10-19
2822,61,59.11,2017-10-19
2823,66,330.99,2017-10-19
2824,103,460.87,2017-10-19
2825,116,129.79,2017-10-19
2826,126,225.82,2017-10-19
2827,126,55.83,2017-10-19
2828,128,439.32,2017-10-19
2829,131,292.37,2017-10-19
2830,29,103.82,2017-10-20
2831,78,176.34,2017-10-20
2832,89,123.47,2017-10-20
2833,98,218.78,2017-10-20
2834,98,205.45,2017-10-20
2835,128,458.71,2017-10-20
2836,131,414.35,2017-10-20
2837,136,253.45,2017-10-20
2838,66,487.87,2017-10-23
2839,79,224.83,2017-10-23
2840,89,374.59,2017-10-23
2841,98,455.96,2017-10-23
2842,118,415.37,2017-10-23
2843,137,277.46,2017-10-23
2844,31,355.48,2017-10-24
2845,66,372.54,2017-10-24
2846,98,166.47,2017-10-24
2847,7,430.70,2017-10-25
2848,136,224.38,2017-10-25
2849,40,273.55,2017-10-26
2850,40,345.49,2017-10-26
2851,64,276.97,2017-10-26
2852,74,133.89,2017-10-26
2853,129,469.71,2017-10-26
2854,34,263.18,2017-10-27
2855,41,399.28,2017-10-27
2856,95,67.19,2017-10-27
2857,98,438.31,2017-10-27
2858,103,250.89,2017-10-27
2859,19,236.38,2017-10-30
2860,31,217.12,2017-10-30
2861,47,370.35,2017-10-30
2862,75,242.81,2017-10-30
2863,78,206.62,2017-10-30
2864,106,156.01,2017-10-30
2865,121,342.62,2017-10-30
2866,121,226.97,2017-10-30
2867,132,328.91,2017-10-30
2868,20,99.11,2017-10-31
2869,27,202.40,2017-10-31
2870,40,57.99,2017-10-31
2871,44,359.11,2017-10-31
2872,53,284.78,2017-10-31
2873,78,214.57,2017-10-31
2874,79,56.18,2017-10-31
2875,79,56.60,2017-10-31
2876,116,369.80,2017-10-31
2877,20,241.52,2017-11-01
2878,41,219.48,2017-11-01
2879,56,444.10,2017-11-01
2880,78,187.86,2017-11-01
2881,114,114.50,2017-11-01
2882,116,76.48,2017-11-01
2883,118,202.16,2017-11-01
2884,132,453.30,2017-11-01
2885,31,171.39,2017-11-02
2886,40,67.61,2017-11-02
2887,49,149.97,2017-11-02
2888,53,459.49,2017-11-02
2889,106,404.09,2017-11-02
2890,109,444.56,2017-11-02
2891,128,286.78,2017-11-02
2892,18,266.26,2017-11-03
2893,42,296.60,2017-11-03
2894,63,259.41,2017-11-03
2895,71,491.49,2017-11-03
2896,89,238.08,2017-11-03
2897,121,499.97,2017-11-03
2898,126,218.09,2017-11-03
2899,128,436.84,2017-11-03
2900,18,55.28,2017-11-06
2901,20,57.52,2017-11-06
2902,33,263.18,2017-11-06
2903,34,474.29,2017-11-06
2904,49,414.66,2017-11-06
2905,49,254.93,2017-11-06
2906,56,59.02,2017-11-06
2907,74,252.66,2017-11-06
2908,131,305.34,2017-11-06
2909,31,322.55,2017-11-07
2910,38,447.10,2017-11-07
2911,74,83.95,2017-11-07
2912,104,418.41,2017-11-07
2913,117,64.02,2017-11-07
2914,121,454.54,2017-11-07
2915,33,417.29,2017-11-08
2916,53,311.79,2017-11-08
2917,95,191.84,2017-11-08
2918,95,303.73,2017-11-08
2919,31,276.62,2017-11-09
2920,44,303.00,2017-11-09
2921,53,124.73,2017-11-09
2922,69,238.26,2017-11-09
2923,131,355.78,2017-11-09
2924,18,296.06,2017-11-10
2925,42,127.21,2017-11-10
2926,42,191.01,2017-11-10
2927,64,273.19,2017-11-10
2928,98,368.63,2017-11-10
2929,116,326.61,2017-11-10
2930,117,248.91,2017-11-10
2931,117,138.96,2017-11-10
2932,136,265.73,2017-11-10
2933,136,456.90,2017-11-10
2934,66,334.84,2017-11-13
2935,138,242.68,2017-11-13
2936,38,398.10,2017-11-14
2937,63,462.83,2017-11-14
2938,74,482.19,2017-11-14
2939,114,426.23,2017-11-14
2940,114,399.54,2017-11-14
2941,117,246.78,2017-11-14
2942,20,138.30,2017-11-15
2943,106,334.13,2017-11-15
2944,116,241.04,2017-11-15
2945,118,118.40,2017-11-15
2946,47,181.93,2017-11-16
2947,78,169.64,2017-11-16
2948,132,62.79,2017-11-16
2949,56,396.68,2017-11-17
2950,109,108.91,2017-11-17
2951,121,436.48,2017-11-17
2952,136,230.91,2017-11-17
2953,139,110.96,2017-11-17
2954,41,263.92,2017-11-20
2955,42,161.57,2017-11-20
2956,78,50.77,2017-11-20
2957,104,92.82,2017-11-20
2958,106,78.21,2017-11-20
2959,121,478.01,2017-11-20
2960,40,82.51,2017-11-21
2961,47,287.63,2017-11-21
2962,95,356.71,2017-11-21
2963,38,467.70,2017-11-22
2964,53,450.06,2017-11-22
2965,98,267.67,2017-11-22
2966,103,362.31,2017-11-22
2967,19,398.34,2017-11-23
2968,41,466.38,2017-11-23
2969,41,171.92,2017-11-23
2970,41,463.09,2017-11-23
2971,69,368.22,2017-11-23
2972,118,105.81,2017-11-23
2973,119,280.80,2017-11-23
2974,132,314.63,2017-11-23
2975,132,441.92,2017-11-23
2976,136,443.60,2017-11-23
2977,34,193.23,2017-11-24
2978,38,321.11,2017-11-24
2979,53,404.47,2017-11-24
2980,66,134.15,2017-11-24
2981,75,370.90,2017-11-24
2982,95,363.26,2017-11-24
2983,129,89.96,2017-11-24
2984,136,425.79,2017-11-24
2985,41,287.87,2017-11-27
2986,47,415.54,2017-11-27
2987,64,317.47,2017-11-27
2988,79,61.97,2017-11-27
2989,79,289.47,2017-11-27
2990,109,67.93,2017-11-27
2991,118,334.56,2017-11-27
2992,121,286.13,2017-11-27
2993,136,172.51,2017-11-27
2994,56,319.62,2017-11-28
2995,63,284.94,2017-11-28
2996,109,252.33,2017-11-28
2997,116,227.21,2017-11-28
2998,131,411.00,2017-11-28
2999,49,73.11,2017-11-29
3000,66,463.98,2017-11-29
3001,78,415.11,2017-11-29
3002,89,290.73,2017-11-29
3003,106,324.36,2017-11-29
3004,118,385.70,2017-11-29
3005,8,235.75,2017-11-30
3006,10,180.39,2017-11-30
3007,19,251.01,2017-11-30
3008,20,396.66,2017-11-30
3009,38,202.72,2017-11-30
3010,38,311.84,2017-12-01
3011,61,240.89,2017-12-01
3012,95,441.03,2017-12-01
3013,121,169.83,2017-12-01
3014,128,225.88,2017-12-01
3015,74,473.97,2017-12-04
3016,74,172.27,2017-12-04
3017,116,378.55,2017-12-04
3018,132,469.11,2017-12-04
3019,42,383.50,2017-12-05
3020,61,246.60,2017-12-05
3021,66,198.30,2017-12-05
3022,117,231.18,2017-12-05
3023,118,193.79,2017-12-05
3024,47,322.64,2017-12-06
3025,63,461.02,2017-12-06
3026,104,201.78,2017-12-06
3027,116,152.90,2017-12-06
3028,118,236.89,2017-12-06
3029,119,240.71,2017-12-06
3030,19,397.53,2017-12-07
3031,29,62.15,2017-12-07
3032,47,72.40,2017-12-07
3033,61,414.55,2017-12-07
3034,74,310.66,2017-12-07
3035,105,287.51,2017-12-07
3036,117,481.62,2017-12-07
3037,7,95.26,2017-12-08
3038,63,307.46,2017-12-08
3039,105,330.60,2017-12-08
3040,114,331.19,2017-12-08
3041,38,468.99,2017-12-11
3042,41,499.31,2017-12-11
3043,42,303.39,2017-12-11
3044,69,219.44,2017-12-11
3045,103,100.39,2017-12-11
3046,20,140.35,2017-12-12
3047,31,181.26,2017-12-12
3048,47,175.94,2017-12-12
3049,78,299.43,2017-12-12
3050,38,207.23,2017-12-13
3051,95,248.18,2017-12-13
3052,33,245.73,2017-12-14
3053,114,363.22,2017-12-14
3054,20,390.38,2017-12-15
3055,40,237.30,2017-12-15
3056,121,101.34,2017-12-15
3057,126,463.76,2017-12-15
3058,132,238.83,2017-12-15
3059,29,236.81,2017-12-18
3060,40,179.06,2017-12-18
3061,41,453.15,2017-12-18
3062,49,370.77,2017-12-18
3063,61,444.85,2017-12-18
3064,75,192.65,2017-12-18
3065,116,102.58,2017-12-18
3066,41,231.05,2017-12-19
3067,53,311.17,2017-12-19
3068,95,294.42,2017-12-19
3069,121,319.30,2017-12-19
3070,121,188.54,2017-12-19
3071,128,132.15,2017-12-19
3072,49,445.45,2017-12-20
3073,69,410.14,2017-12-20
3074,89,190.72,2017-12-20
3075,10,273.28,2017-12-21
3076,44,476.35,2017-12-21
3077,64,478.98,2017-12-21
3078,95,372.39,2017-12-21
3079,19,424.56,2017-12-22
3080,20,301.92,2017-12-22
3081,47,290.74,2017-12-22
3082,49,335.02,2017-12-22
3083,75,315.50,2017-12-22
3084,75,230.59,2017-12-22
3085,75,137.18,2017-12-22
3086,118,251.89,2017-12-22
3087,126,430.42,2017-12-22
3088,10,100.32,2017-12-25
3089,18,249.15,2017-12-25
3090,29,203.49,2017-12-25
3091,69,308.23,2017-12-25
3092,114,293.74,2017-12-25
3093,29,173.18,2017-12-26
3094,44,279.52,2017-12-26
3095,79,221.81,2017-12-26
3096,114,372.20,2017-12-26
3097,118,227.81,2017-12-26
3098,126,54.90,2017-12-26
3099,132,299.97,2017-12-26
3100,136,178.99,2017-12-26
3101,34,422.26,2017-12-27
3102,38,98.49,2017-12-27
3103,42,275.91,2017-12-27
3104,69,487.88,2017-12-27
3105,89,69.87,2017-12-27
3106,95,359.87,2017-12-27
3107,136,94.48,2017-12-27
3108,19,448.12,2017-12-28
3109,69,151.78,2017-12-28
3110,116,111.28,2017-12-28
3111,126,105.43,2017-12-28
3112,131,204.32,2017-12-28
3113,136,278.43,2017-12-28
3114,29,482.81,2017-12-29
3115,32,441.74,2017-12-29
3116,64,81.61,2017-12-29
3117,114,173.70,2017-12-29
3118,132,81.40,2017-12-29
3119,31,52.68,2017-12-29
